method_id,mode,epsilon_total,clipping_percentile,batch_merge_size,candidate_pool_size,min_count_threshold,seed,attack,roc_auc,average_precision,balanced_accuracy,tpr_at_fpr_le_0_01,tpr_at_fpr_le_0_001,roc_auc_ci95_lower,roc_auc_ci95_upper,site_count,shadow_count,elapsed_seconds,peak_memory_bytes,source
plain_bpe,plain_bpe,,,1,,0,20260726,compression_rate,0.5732269287109375,0.5836268512369971,0.576171875,0.01953125,0.0,0.5228397369384766,0.6224372863769532,512,0,23.563041599933058,441565184,results/final/runs/attacks/main/20260726/vocab_16000/plain_bpe/compression_rate.json
plain_bpe,plain_bpe,,,1,,0,20260726,vocabulary_overlap,0.59234619140625,0.6302338695568427,0.576171875,0.1015625,0.05859375,0.5444789886474609,0.6407173156738282,512,32,39.56000299996231,441565184,results/final/runs/attacks/main/20260726/vocab_16000/plain_bpe/vocabulary_overlap.json
plain_bpe,plain_bpe,,,1,,0,20260726,frequency_estimation,0.6910018920898438,0.7398504666072865,0.669921875,0.203125,0.109375,0.6449655532836914,0.7359775543212891,512,1,62.41762869991362,441565184,results/final/runs/attacks/main/20260726/vocab_16000/plain_bpe/frequency_estimation.json
plain_bpe,plain_bpe,,,1,,0,20260726,merge_similarity,0.5494842529296875,0.5402522577113232,0.55078125,0.0078125,0.00390625,0.49923400878906254,0.5995193481445312,512,32,5.81174340005964,441565184,results/final/runs/attacks/main/20260726/vocab_16000/plain_bpe/merge_similarity.json
plain_bpe,plain_bpe,,,1,,0,20260726,naive_bayes,0.55389404296875,0.6163585339680167,0.576171875,0.15625,0.15234375,0.5026809692382813,0.6040069580078125,512,0,43.7324131000787,441565184,results/final/runs/attacks/main/20260726/vocab_16000/plain_bpe/naive_bayes.json
plain_bpe,plain_bpe,,,1,,0,20260727,compression_rate,0.5478973388671875,0.5548743455763065,0.548828125,0.0078125,0.0,0.49682464599609377,0.5976127624511718,512,0,20.92932070000097,541822976,results/final/runs/attacks/main/20260727/vocab_16000/plain_bpe/compression_rate.json
plain_bpe,plain_bpe,,,1,,0,20260727,vocabulary_overlap,0.5489044189453125,0.579112731930127,0.546875,0.0546875,0.03515625,0.4991901397705078,0.5996551513671875,512,32,39.589811100042425,541822976,results/final/runs/attacks/main/20260727/vocab_16000/plain_bpe/vocabulary_overlap.json
plain_bpe,plain_bpe,,,1,,0,20260727,frequency_estimation,0.7414932250976562,0.770975896984257,0.68359375,0.25,0.171875,0.6980575561523438,0.7837684631347657,512,1,58.38770690001547,541822976,results/final/runs/attacks/main/20260727/vocab_16000/plain_bpe/frequency_estimation.json
plain_bpe,plain_bpe,,,1,,0,20260727,merge_similarity,0.5111083984375,0.5148107450106925,0.5234375,0.01171875,0.0,0.4614711761474609,0.5609130859375,512,32,5.136178700020537,541822976,results/final/runs/attacks/main/20260727/vocab_16000/plain_bpe/merge_similarity.json
plain_bpe,plain_bpe,,,1,,0,20260727,naive_bayes,0.595428466796875,0.6496422026428259,0.59375,0.1875,0.1875,0.5464927673339843,0.6441650390625,512,0,40.32437269994989,541822976,results/final/runs/attacks/main/20260727/vocab_16000/plain_bpe/naive_bayes.json
plain_bpe,plain_bpe,,,1,,0,20260728,compression_rate,0.5349578857421875,0.5367476199978292,0.54296875,0.0078125,0.0078125,0.4845272064208984,0.5852207183837891,512,0,20.67296570003964,563654656,results/final/runs/attacks/main/20260728/vocab_16000/plain_bpe/compression_rate.json
plain_bpe,plain_bpe,,,1,,0,20260728,vocabulary_overlap,0.6148223876953125,0.6172036112384797,0.595703125,0.046875,0.0078125,0.5665241241455079,0.6628585815429687,512,32,39.12145760003477,563654656,results/final/runs/attacks/main/20260728/vocab_16000/plain_bpe/vocabulary_overlap.json
plain_bpe,plain_bpe,,,1,,0,20260728,frequency_estimation,0.6645660400390625,0.7175206383252083,0.646484375,0.1640625,0.09375,0.6172695159912109,0.7115787506103516,512,1,56.89726190001238,563654656,results/final/runs/attacks/main/20260728/vocab_16000/plain_bpe/frequency_estimation.json
plain_bpe,plain_bpe,,,1,,0,20260728,merge_similarity,0.5258636474609375,0.525455466659092,0.552734375,0.0078125,0.0078125,0.4759059906005859,0.5766452789306641,512,32,5.054584700032137,563654656,results/final/runs/attacks/main/20260728/vocab_16000/plain_bpe/merge_similarity.json
plain_bpe,plain_bpe,,,1,,0,20260728,naive_bayes,0.5771942138671875,0.6424485382236311,0.59375,0.16796875,0.16796875,0.5274341583251954,0.6265167236328124,512,0,39.83760619990062,563654656,results/final/runs/attacks/main/20260728/vocab_16000/plain_bpe/naive_bayes.json
min_count_2,min_count,,,1,,2,20260726,compression_rate,0.5732269287109375,0.5836268512369971,0.576171875,0.01953125,0.0,0.5238182067871093,0.6221775054931641,512,0,21.596439799992368,441565184,results/final/runs/attacks/main/20260726/vocab_16000/min_count_2/compression_rate.json
min_count_2,min_count,,,1,,2,20260726,vocabulary_overlap,0.58599853515625,0.6163826677193152,0.56640625,0.0859375,0.05078125,0.5362075805664063,0.6357917785644531,512,32,40.875671600108035,441565184,results/final/runs/attacks/main/20260726/vocab_16000/min_count_2/vocabulary_overlap.json
min_count_2,min_count,,,1,,2,20260726,frequency_estimation,0.6835098266601562,0.7295895799726625,0.662109375,0.17578125,0.109375,0.6374355316162109,0.72900390625,512,1,63.58563700004015,441565184,results/final/runs/attacks/main/20260726/vocab_16000/min_count_2/frequency_estimation.json
min_count_2,min_count,,,1,,2,20260726,merge_similarity,0.548919677734375,0.5376157194761833,0.552734375,0.00390625,0.00390625,0.4989910125732422,0.5995029449462891,512,32,5.241691599949263,441565184,results/final/runs/attacks/main/20260726/vocab_16000/min_count_2/merge_similarity.json
min_count_2,min_count,,,1,,2,20260726,naive_bayes,0.5356597900390625,0.5868761287982771,0.5546875,0.11328125,0.10546875,0.4861118316650391,0.5842906951904296,512,0,40.61886289995164,441565184,results/final/runs/attacks/main/20260726/vocab_16000/min_count_2/naive_bayes.json
min_count_2,min_count,,,1,,2,20260727,compression_rate,0.5478363037109375,0.554850252498778,0.548828125,0.0078125,0.0,0.4976795196533203,0.5967716217041016,512,0,20.896092399954796,541822976,results/final/runs/attacks/main/20260727/vocab_16000/min_count_2/compression_rate.json
min_count_2,min_count,,,1,,2,20260727,vocabulary_overlap,0.54180908203125,0.5749738166182448,0.546875,0.05078125,0.0390625,0.49184875488281254,0.5917823791503907,512,32,39.13187120005023,541822976,results/final/runs/attacks/main/20260727/vocab_16000/min_count_2/vocabulary_overlap.json
min_count_2,min_count,,,1,,2,20260727,frequency_estimation,0.73583984375,0.7635011231521566,0.6796875,0.21875,0.171875,0.6920764923095704,0.777672004699707,512,1,58.3918166999938,541822976,results/final/runs/attacks/main/20260727/vocab_16000/min_count_2/frequency_estimation.json
min_count_2,min_count,,,1,,2,20260727,merge_similarity,0.5101470947265625,0.5162806148830207,0.521484375,0.01171875,0.0,0.4600059509277344,0.5607761383056641,512,32,5.2656058999709785,541822976,results/final/runs/attacks/main/20260727/vocab_16000/min_count_2/merge_similarity.json
min_count_2,min_count,,,1,,2,20260727,naive_bayes,0.5679779052734375,0.6081792349899909,0.560546875,0.12109375,0.12109375,0.5190418243408204,0.6171733856201171,512,0,42.2491862999741,541822976,results/final/runs/attacks/main/20260727/vocab_16000/min_count_2/naive_bayes.json
min_count_2,min_count,,,1,,2,20260728,compression_rate,0.5349578857421875,0.5367476199978292,0.54296875,0.0078125,0.0078125,0.4844509124755859,0.5853584289550782,512,0,20.596663300064392,563654656,results/final/runs/attacks/main/20260728/vocab_16000/min_count_2/compression_rate.json
min_count_2,min_count,,,1,,2,20260728,vocabulary_overlap,0.603912353515625,0.6065931957566567,0.587890625,0.0390625,0.0078125,0.5567916870117188,0.6521308898925782,512,32,37.75004469999112,563654656,results/final/runs/attacks/main/20260728/vocab_16000/min_count_2/vocabulary_overlap.json
min_count_2,min_count,,,1,,2,20260728,frequency_estimation,0.664642333984375,0.7175536059596997,0.646484375,0.1640625,0.09375,0.6167137145996093,0.7096345901489257,512,1,57.37975079996977,563654656,results/final/runs/attacks/main/20260728/vocab_16000/min_count_2/frequency_estimation.json
min_count_2,min_count,,,1,,2,20260728,merge_similarity,0.528472900390625,0.5272067801179037,0.5546875,0.0078125,0.0078125,0.4790325164794922,0.5787052154541016,512,32,4.960863500018604,563654656,results/final/runs/attacks/main/20260728/vocab_16000/min_count_2/merge_similarity.json
min_count_2,min_count,,,1,,2,20260728,naive_bayes,0.5487060546875,0.5967731996212071,0.560546875,0.09375,0.09375,0.49906768798828127,0.5976421356201171,512,0,39.72252449998632,563654656,results/final/runs/attacks/main/20260728/vocab_16000/min_count_2/naive_bayes.json
min_count_5,min_count,,,1,,5,20260726,compression_rate,0.5732269287109375,0.5836268512369971,0.576171875,0.01953125,0.0,0.523681640625,0.6221622467041016,512,0,25.42059180000797,441565184,results/final/runs/attacks/main/20260726/vocab_16000/min_count_5/compression_rate.json
min_count_5,min_count,,,1,,5,20260726,vocabulary_overlap,0.584686279296875,0.6134947407100952,0.5625,0.078125,0.04296875,0.5351253509521484,0.6322341918945312,512,32,41.14207900001202,441565184,results/final/runs/attacks/main/20260726/vocab_16000/min_count_5/vocabulary_overlap.json
min_count_5,min_count,,,1,,5,20260726,frequency_estimation,0.6769790649414062,0.7228912820079504,0.65625,0.16015625,0.109375,0.630401611328125,0.7237247467041016,512,1,58.92481749993749,441565184,results/final/runs/attacks/main/20260726/vocab_16000/min_count_5/frequency_estimation.json
min_count_5,min_count,,,1,,5,20260726,merge_similarity,0.54791259765625,0.5351644932168089,0.548828125,0.00390625,0.00390625,0.4977409362792969,0.5975513458251953,512,32,5.595281699905172,441565184,results/final/runs/attacks/main/20260726/vocab_16000/min_count_5/merge_similarity.json
min_count_5,min_count,,,1,,5,20260726,naive_bayes,0.5205078125,0.5623827241655469,0.54296875,0.08203125,0.07421875,0.4692836761474609,0.5706333160400391,512,0,44.69886799994856,441565184,results/final/runs/attacks/main/20260726/vocab_16000/min_count_5/naive_bayes.json
min_count_5,min_count,,,1,,5,20260727,compression_rate,0.5478057861328125,0.5548390319177776,0.548828125,0.0078125,0.0,0.49726638793945316,0.5968795776367187,512,0,20.940977499936707,541822976,results/final/runs/attacks/main/20260727/vocab_16000/min_count_5/compression_rate.json
min_count_5,min_count,,,1,,5,20260727,vocabulary_overlap,0.5395965576171875,0.5702409884709054,0.544921875,0.04296875,0.03515625,0.4898677825927734,0.5888996124267578,512,32,37.50625939993188,541822976,results/final/runs/attacks/main/20260727/vocab_16000/min_count_5/vocabulary_overlap.json
min_count_5,min_count,,,1,,5,20260727,frequency_estimation,0.73284912109375,0.7609997761190165,0.6796875,0.21875,0.171875,0.6884838104248047,0.7744758605957032,512,1,58.22191490000114,541822976,results/final/runs/attacks/main/20260727/vocab_16000/min_count_5/frequency_estimation.json
min_count_5,min_count,,,1,,5,20260727,merge_similarity,0.5088348388671875,0.5172564686791024,0.5234375,0.01171875,0.0,0.4591361999511719,0.5586570739746093,512,32,4.906248799990863,541822976,results/final/runs/attacks/main/20260727/vocab_16000/min_count_5/merge_similarity.json
min_count_5,min_count,,,1,,5,20260727,naive_bayes,0.5442657470703125,0.5751798967288703,0.541015625,0.08203125,0.08203125,0.4941692352294922,0.5935211181640625,512,0,40.03332239994779,541822976,results/final/runs/attacks/main/20260727/vocab_16000/min_count_5/naive_bayes.json
min_count_5,min_count,,,1,,5,20260728,compression_rate,0.5349578857421875,0.5367476199978292,0.54296875,0.0078125,0.0078125,0.4855190277099609,0.5850391387939453,512,0,20.218460000003688,563654656,results/final/runs/attacks/main/20260728/vocab_16000/min_count_5/compression_rate.json
min_count_5,min_count,,,1,,5,20260728,vocabulary_overlap,0.60040283203125,0.6043808306744618,0.58984375,0.03515625,0.0078125,0.5523529052734375,0.6492626190185546,512,32,37.09025590005331,563654656,results/final/runs/attacks/main/20260728/vocab_16000/min_count_5/vocabulary_overlap.json
min_count_5,min_count,,,1,,5,20260728,frequency_estimation,0.66473388671875,0.7178364157544777,0.646484375,0.16796875,0.09375,0.6167888641357422,0.7105106353759766,512,1,57.48639330000151,563654656,results/final/runs/attacks/main/20260728/vocab_16000/min_count_5/frequency_estimation.json
min_count_5,min_count,,,1,,5,20260728,merge_similarity,0.5306854248046875,0.5282141950772647,0.560546875,0.0078125,0.0078125,0.4807415008544922,0.5812538146972657,512,32,5.009026299929246,563654656,results/final/runs/attacks/main/20260728/vocab_16000/min_count_5/merge_similarity.json
min_count_5,min_count,,,1,,5,20260728,naive_bayes,0.53143310546875,0.5749179334754427,0.548828125,0.078125,0.06640625,0.4823604583740234,0.5808879852294921,512,0,40.109835500014015,563654656,results/final/runs/attacks/main/20260728/vocab_16000/min_count_5/naive_bayes.json
min_count_10,min_count,,,1,,10,20260726,compression_rate,0.5732269287109375,0.5836268512369971,0.576171875,0.01953125,0.0,0.5241985321044922,0.6217658996582032,512,0,21.432614300050773,441565184,results/final/runs/attacks/main/20260726/vocab_16000/min_count_10/compression_rate.json
min_count_10,min_count,,,1,,10,20260726,vocabulary_overlap,0.5823974609375,0.6111489870007123,0.56640625,0.07421875,0.04296875,0.5329433441162109,0.6315616607666016,512,32,36.890685499995016,441565184,results/final/runs/attacks/main/20260726/vocab_16000/min_count_10/vocabulary_overlap.json
min_count_10,min_count,,,1,,10,20260726,frequency_estimation,0.6737213134765625,0.7198746085152719,0.65234375,0.1484375,0.109375,0.6264488220214843,0.7194080352783203,512,1,63.22089799994137,441565184,results/final/runs/attacks/main/20260726/vocab_16000/min_count_10/frequency_estimation.json
min_count_10,min_count,,,1,,10,20260726,merge_similarity,0.547210693359375,0.5337645839458828,0.546875,0.00390625,0.00390625,0.4967494964599609,0.5966804504394532,512,32,5.428033799980767,441565184,results/final/runs/attacks/main/20260726/vocab_16000/min_count_10/merge_similarity.json
min_count_10,min_count,,,1,,10,20260726,naive_bayes,0.5183868408203125,0.5504688650614851,0.55078125,0.06640625,0.05859375,0.4682758331298828,0.5686187744140625,512,0,45.672363799996674,441565184,results/final/runs/attacks/main/20260726/vocab_16000/min_count_10/naive_bayes.json
min_count_10,min_count,,,1,,10,20260727,compression_rate,0.5477142333984375,0.5548063483042649,0.548828125,0.0078125,0.0,0.4985034942626953,0.5975807189941407,512,0,20.330893900012597,541822976,results/final/runs/attacks/main/20260727/vocab_16000/min_count_10/compression_rate.json
min_count_10,min_count,,,1,,10,20260727,vocabulary_overlap,0.5372467041015625,0.5661649751491952,0.541015625,0.0390625,0.02734375,0.48717918395996096,0.5865329742431641,512,32,37.03838300006464,541822976,results/final/runs/attacks/main/20260727/vocab_16000/min_count_10/vocabulary_overlap.json
min_count_10,min_count,,,1,,10,20260727,frequency_estimation,0.729278564453125,0.7579519840344692,0.677734375,0.21875,0.171875,0.6848140716552734,0.7711183547973632,512,1,57.8205288000172,541822976,results/final/runs/attacks/main/20260727/vocab_16000/min_count_10/frequency_estimation.json
min_count_10,min_count,,,1,,10,20260727,merge_similarity,0.508392333984375,0.5166414934451237,0.525390625,0.01171875,0.0,0.4571681976318359,0.5583354949951171,512,32,4.989363200031221,541822976,results/final/runs/attacks/main/20260727/vocab_16000/min_count_10/merge_similarity.json
min_count_10,min_count,,,1,,10,20260727,naive_bayes,0.54205322265625,0.5699406467439633,0.5390625,0.08203125,0.07421875,0.4911479949951172,0.5910800933837891,512,0,39.8355700999964,541822976,results/final/runs/attacks/main/20260727/vocab_16000/min_count_10/naive_bayes.json
min_count_10,min_count,,,1,,10,20260728,compression_rate,0.5348968505859375,0.5367249113434813,0.54296875,0.0078125,0.0078125,0.4844047546386719,0.5855419158935546,512,0,20.421058299951255,563654656,results/final/runs/attacks/main/20260728/vocab_16000/min_count_10/compression_rate.json
min_count_10,min_count,,,1,,10,20260728,vocabulary_overlap,0.59979248046875,0.6041676417833782,0.583984375,0.0390625,0.0078125,0.5497432708740234,0.6478118896484375,512,32,37.10254650004208,563654656,results/final/runs/attacks/main/20260728/vocab_16000/min_count_10/vocabulary_overlap.json
min_count_10,min_count,,,1,,10,20260728,frequency_estimation,0.664642333984375,0.7177081371479015,0.646484375,0.16796875,0.09375,0.6177059173583984,0.7102977752685546,512,1,57.922348399995826,563654656,results/final/runs/attacks/main/20260728/vocab_16000/min_count_10/frequency_estimation.json
min_count_10,min_count,,,1,,10,20260728,merge_similarity,0.5316162109375,0.5290138056253486,0.5625,0.0078125,0.0078125,0.4813838958740234,0.583544921875,512,32,5.043998899986036,563654656,results/final/runs/attacks/main/20260728/vocab_16000/min_count_10/merge_similarity.json
min_count_10,min_count,,,1,,10,20260728,naive_bayes,0.529937744140625,0.5712362826847881,0.546875,0.07421875,0.05859375,0.4797969818115234,0.5791332244873046,512,0,42.551440899958834,563654656,results/final/runs/attacks/main/20260728/vocab_16000/min_count_10/naive_bayes.json
he_only_reference,he_only,,75,32,1024,,20260726,compression_rate,0.5379180908203125,0.5460929095813623,0.55078125,0.015625,0.0,0.4871212005615234,0.58660888671875,512,0,27.099416899960488,2604417024,results/final/defenses/main/attacks/he_only_reference/20260726/compression_rate.json
he_only_reference,he_only,,75,32,1024,,20260726,vocabulary_overlap,0.4622344970703125,0.46305001468479695,0.501953125,0.00390625,0.0,0.4126720428466797,0.5111400604248046,512,32,47.151973500149325,2604417024,results/final/defenses/main/attacks/he_only_reference/20260726/vocabulary_overlap.json
he_only_reference,he_only,,75,32,1024,,20260726,frequency_estimation,0.5308761596679688,0.5511417825143032,0.53125,0.01953125,0.01171875,0.4814594268798828,0.5803604125976562,512,1,61.03081429982558,2604417024,results/final/defenses/main/attacks/he_only_reference/20260726/frequency_estimation.json
he_only_reference,he_only,,75,32,1024,,20260726,merge_similarity,0.44647216796875,0.45933334001389275,0.50390625,0.00390625,0.0,0.3969264984130859,0.4965213775634766,512,32,5.291271299822256,2604417024,results/final/defenses/main/attacks/he_only_reference/20260726/merge_similarity.json
he_only_reference,he_only,,75,32,1024,,20260726,naive_bayes,0.4656524658203125,0.46874679217305804,0.5078125,0.0,0.0,0.4170835494995117,0.5160373687744141,512,0,44.02858959999867,2604417024,results/final/defenses/main/attacks/he_only_reference/20260726/naive_bayes.json
he_only_reference,he_only,,75,32,1024,,20260727,compression_rate,0.5056304931640625,0.512716402324513,0.525390625,0.0,0.0,0.4560535430908203,0.5556797027587891,512,0,27.209538999944925,2604417024,results/final/defenses/main/attacks/he_only_reference/20260727/compression_rate.json
he_only_reference,he_only,,75,32,1024,,20260727,vocabulary_overlap,0.4876861572265625,0.5031429442752982,0.51953125,0.015625,0.01171875,0.4377574920654297,0.5381172180175782,512,32,47.7341833000537,2604417024,results/final/defenses/main/attacks/he_only_reference/20260727/vocabulary_overlap.json
he_only_reference,he_only,,75,32,1024,,20260727,frequency_estimation,0.5838165283203125,0.5648447158747621,0.59375,0.01953125,0.0,0.5338584899902343,0.6320989608764648,512,1,60.972835700027645,2604417024,results/final/defenses/main/attacks/he_only_reference/20260727/frequency_estimation.json
he_only_reference,he_only,,75,32,1024,,20260727,merge_similarity,0.506256103515625,0.5148066975609685,0.525390625,0.01171875,0.00390625,0.4570301055908203,0.5552986145019532,512,32,5.249706499977037,2604417024,results/final/defenses/main/attacks/he_only_reference/20260727/merge_similarity.json
he_only_reference,he_only,,75,32,1024,,20260727,naive_bayes,0.47896575927734375,0.47699055398299134,0.513671875,0.0,0.0,0.4287406921386719,0.5286409378051757,512,0,44.62978140008636,2604417024,results/final/defenses/main/attacks/he_only_reference/20260727/naive_bayes.json
he_only_reference,he_only,,75,32,1024,,20260728,compression_rate,0.4966278076171875,0.5018680215234856,0.515625,0.0078125,0.0078125,0.4472339630126953,0.5475925445556641,512,0,33.27290270011872,2604417024,results/final/defenses/main/attacks/he_only_reference/20260728/compression_rate.json
he_only_reference,he_only,,75,32,1024,,20260728,vocabulary_overlap,0.4900970458984375,0.5077833538124876,0.521484375,0.01171875,0.0,0.4398799896240234,0.5415348052978516,512,32,51.892478900030255,2604417024,results/final/defenses/main/attacks/he_only_reference/20260728/vocabulary_overlap.json
he_only_reference,he_only,,75,32,1024,,20260728,frequency_estimation,0.5505218505859375,0.577135947150526,0.552734375,0.05078125,0.0234375,0.5008083343505859,0.5992294311523437,512,1,62.118186299921945,2604417024,results/final/defenses/main/attacks/he_only_reference/20260728/frequency_estimation.json
he_only_reference,he_only,,75,32,1024,,20260728,merge_similarity,0.46954345703125,0.4967442343799221,0.515625,0.0234375,0.0,0.41862182617187504,0.5183876037597657,512,32,5.335909300018102,2604417024,results/final/defenses/main/attacks/he_only_reference/20260728/merge_similarity.json
he_only_reference,he_only,,75,32,1024,,20260728,naive_bayes,0.4742889404296875,0.48664523940413035,0.51953125,0.0,0.0,0.42411460876464846,0.5248573303222657,512,0,44.306348599959165,2604417024,results/final/defenses/main/attacks/he_only_reference/20260728/naive_bayes.json
local_dp_eps16p0_C75_b32_K1024,local_dp,16.0,75,32,1024,,20260726,compression_rate,0.5304107666015625,0.5414207902538941,0.544921875,0.0078125,0.0,0.47993087768554693,0.5817424774169921,512,0,30.667538000037894,2604417024,results/final/defenses/main/attacks/local_dp_eps16p0_C75_b32_K1024/20260726/compression_rate.json
local_dp_eps16p0_C75_b32_K1024,local_dp,16.0,75,32,1024,,20260726,vocabulary_overlap,0.4582977294921875,0.4604680073089099,0.501953125,0.0,0.0,0.4087669372558594,0.5087738037109375,512,32,58.00074570020661,2604417024,results/final/defenses/main/attacks/local_dp_eps16p0_C75_b32_K1024/20260726/vocabulary_overlap.json
local_dp_eps16p0_C75_b32_K1024,local_dp,16.0,75,32,1024,,20260726,frequency_estimation,0.47777557373046875,0.48980355531970005,0.5078125,0.01171875,0.0,0.42706985473632814,0.5279317855834961,512,1,64.09271829994395,2604417024,results/final/defenses/main/attacks/local_dp_eps16p0_C75_b32_K1024/20260726/frequency_estimation.json
local_dp_eps16p0_C75_b32_K1024,local_dp,16.0,75,32,1024,,20260726,merge_similarity,0.484344482421875,0.4998198343704725,0.515625,0.015625,0.00390625,0.4350872039794922,0.5335712432861328,512,32,5.48010929999873,2604417024,results/final/defenses/main/attacks/local_dp_eps16p0_C75_b32_K1024/20260726/merge_similarity.json
local_dp_eps16p0_C75_b32_K1024,local_dp,16.0,75,32,1024,,20260726,naive_bayes,0.458984375,0.4698386455991045,0.50390625,0.0,0.0,0.4083709716796875,0.5084924697875977,512,0,47.20050940010697,2604417024,results/final/defenses/main/attacks/local_dp_eps16p0_C75_b32_K1024/20260726/naive_bayes.json
local_dp_eps16p0_C75_b32_K1024,local_dp,16.0,75,32,1024,,20260727,compression_rate,0.49969482421875,0.5059799158460725,0.51953125,0.0,0.0,0.4501182556152344,0.5501255035400391,512,0,29.70794270001352,2604417024,results/final/defenses/main/attacks/local_dp_eps16p0_C75_b32_K1024/20260727/compression_rate.json
local_dp_eps16p0_C75_b32_K1024,local_dp,16.0,75,32,1024,,20260727,vocabulary_overlap,0.48114013671875,0.49485915184474016,0.521484375,0.01171875,0.0,0.4307243347167969,0.5301063537597657,512,32,56.124162200139835,2604417024,results/final/defenses/main/attacks/local_dp_eps16p0_C75_b32_K1024/20260727/vocabulary_overlap.json
local_dp_eps16p0_C75_b32_K1024,local_dp,16.0,75,32,1024,,20260727,frequency_estimation,0.5193099975585938,0.5032599707942845,0.546875,0.0078125,0.00390625,0.4694362640380859,0.5691999435424805,512,1,66.89998220000416,2604417024,results/final/defenses/main/attacks/local_dp_eps16p0_C75_b32_K1024/20260727/frequency_estimation.json
local_dp_eps16p0_C75_b32_K1024,local_dp,16.0,75,32,1024,,20260727,merge_similarity,0.513214111328125,0.5250746456023168,0.53125,0.03515625,0.0,0.4623714447021484,0.5642707824707032,512,32,5.247584600001574,2604417024,results/final/defenses/main/attacks/local_dp_eps16p0_C75_b32_K1024/20260727/merge_similarity.json
local_dp_eps16p0_C75_b32_K1024,local_dp,16.0,75,32,1024,,20260727,naive_bayes,0.4717559814453125,0.47207568626352425,0.509765625,0.0,0.0,0.4214929580688477,0.5210969924926757,512,0,45.765695200068876,2604417024,results/final/defenses/main/attacks/local_dp_eps16p0_C75_b32_K1024/20260727/naive_bayes.json
local_dp_eps16p0_C75_b32_K1024,local_dp,16.0,75,32,1024,,20260728,compression_rate,0.4880218505859375,0.4945223567511291,0.513671875,0.0078125,0.0078125,0.4370258331298828,0.5388504028320312,512,0,27.752767900004983,2604417024,results/final/defenses/main/attacks/local_dp_eps16p0_C75_b32_K1024/20260728/compression_rate.json
local_dp_eps16p0_C75_b32_K1024,local_dp,16.0,75,32,1024,,20260728,vocabulary_overlap,0.4847564697265625,0.5096071561510644,0.521484375,0.01953125,0.0,0.4341114044189453,0.5349746704101562,512,32,51.40855950000696,2604417024,results/final/defenses/main/attacks/local_dp_eps16p0_C75_b32_K1024/20260728/vocabulary_overlap.json
local_dp_eps16p0_C75_b32_K1024,local_dp,16.0,75,32,1024,,20260728,frequency_estimation,0.5118942260742188,0.5146108138200383,0.533203125,0.0078125,0.0078125,0.4615320205688477,0.56201171875,512,1,63.56207630014978,2604417024,results/final/defenses/main/attacks/local_dp_eps16p0_C75_b32_K1024/20260728/frequency_estimation.json
local_dp_eps16p0_C75_b32_K1024,local_dp,16.0,75,32,1024,,20260728,merge_similarity,0.4710235595703125,0.5024593433669021,0.513671875,0.015625,0.0078125,0.4210186004638672,0.5211803436279296,512,32,5.628134099999443,2604417024,results/final/defenses/main/attacks/local_dp_eps16p0_C75_b32_K1024/20260728/merge_similarity.json
local_dp_eps16p0_C75_b32_K1024,local_dp,16.0,75,32,1024,,20260728,naive_bayes,0.463409423828125,0.4746477841771436,0.513671875,0.0,0.0,0.4128564834594727,0.5144742965698242,512,0,46.08442760002799,2604417024,results/final/defenses/main/attacks/local_dp_eps16p0_C75_b32_K1024/20260728/naive_bayes.json
sa_dp_eps8p0_C75_b32_K1024,sa_dp,8.0,75,32,1024,,20260726,compression_rate,0.5321502685546875,0.5428400237914027,0.552734375,0.01171875,0.0,0.4816280364990234,0.58226318359375,512,0,31.249020299874246,2604417024,results/final/defenses/main/attacks/sa_dp_eps8p0_C75_b32_K1024/20260726/compression_rate.json
sa_dp_eps8p0_C75_b32_K1024,sa_dp,8.0,75,32,1024,,20260726,vocabulary_overlap,0.4625396728515625,0.45939327601887125,0.501953125,0.0,0.0,0.4129169464111328,0.5123748779296875,512,32,61.25518269999884,2604417024,results/final/defenses/main/attacks/sa_dp_eps8p0_C75_b32_K1024/20260726/vocabulary_overlap.json
sa_dp_eps8p0_C75_b32_K1024,sa_dp,8.0,75,32,1024,,20260726,frequency_estimation,0.4659881591796875,0.48017191254782426,0.501953125,0.0078125,0.00390625,0.41582412719726564,0.5147565841674805,512,1,137.95145149994642,2604417024,results/final/defenses/main/attacks/sa_dp_eps8p0_C75_b32_K1024/20260726/frequency_estimation.json
sa_dp_eps8p0_C75_b32_K1024,sa_dp,8.0,75,32,1024,,20260726,merge_similarity,0.4983673095703125,0.5136679929283798,0.521484375,0.01953125,0.0,0.4481197357177734,0.5485076904296875,512,32,12.694773400202394,2604417024,results/final/defenses/main/attacks/sa_dp_eps8p0_C75_b32_K1024/20260726/merge_similarity.json
sa_dp_eps8p0_C75_b32_K1024,sa_dp,8.0,75,32,1024,,20260726,naive_bayes,0.453338623046875,0.46024655591280894,0.501953125,0.0,0.0,0.4037622451782227,0.5034946441650391,512,0,73.92085049999878,2604417024,results/final/defenses/main/attacks/sa_dp_eps8p0_C75_b32_K1024/20260726/naive_bayes.json
sa_dp_eps8p0_C75_b32_K1024,sa_dp,8.0,75,32,1024,,20260727,compression_rate,0.496826171875,0.5034118315547125,0.521484375,0.0,0.0,0.44622802734375,0.5477760314941407,512,0,31.138307199813426,2604417024,results/final/defenses/main/attacks/sa_dp_eps8p0_C75_b32_K1024/20260727/compression_rate.json
sa_dp_eps8p0_C75_b32_K1024,sa_dp,8.0,75,32,1024,,20260727,vocabulary_overlap,0.483612060546875,0.491911481660392,0.525390625,0.00390625,0.00390625,0.43406524658203127,0.5345932006835937,512,32,56.3355182998348,2604417024,results/final/defenses/main/attacks/sa_dp_eps8p0_C75_b32_K1024/20260727/vocabulary_overlap.json
sa_dp_eps8p0_C75_b32_K1024,sa_dp,8.0,75,32,1024,,20260727,frequency_estimation,0.5086898803710938,0.49271489789420087,0.544921875,0.0078125,0.00390625,0.4579460144042969,0.559112548828125,512,1,70.86573629989289,2604417024,results/final/defenses/main/attacks/sa_dp_eps8p0_C75_b32_K1024/20260727/frequency_estimation.json
sa_dp_eps8p0_C75_b32_K1024,sa_dp,8.0,75,32,1024,,20260727,merge_similarity,0.516754150390625,0.5207126847255352,0.5390625,0.02734375,0.01953125,0.46604499816894535,0.567138671875,512,32,5.2572478000074625,2604417024,results/final/defenses/main/attacks/sa_dp_eps8p0_C75_b32_K1024/20260727/merge_similarity.json
sa_dp_eps8p0_C75_b32_K1024,sa_dp,8.0,75,32,1024,,20260727,naive_bayes,0.4687957763671875,0.4697493896810351,0.509765625,0.0,0.0,0.41902904510498046,0.5195846557617188,512,0,44.63973239995539,2604417024,results/final/defenses/main/attacks/sa_dp_eps8p0_C75_b32_K1024/20260727/naive_bayes.json
sa_dp_eps8p0_C75_b32_K1024,sa_dp,8.0,75,32,1024,,20260728,compression_rate,0.491302490234375,0.4983411818700591,0.515625,0.0078125,0.0078125,0.4422142028808594,0.5421916961669921,512,0,32.33940709987655,2604417024,results/final/defenses/main/attacks/sa_dp_eps8p0_C75_b32_K1024/20260728/compression_rate.json
sa_dp_eps8p0_C75_b32_K1024,sa_dp,8.0,75,32,1024,,20260728,vocabulary_overlap,0.4850616455078125,0.5083950331954784,0.525390625,0.01953125,0.0,0.4349346160888672,0.5359195709228516,512,32,54.61217590002343,2604417024,results/final/defenses/main/attacks/sa_dp_eps8p0_C75_b32_K1024/20260728/vocabulary_overlap.json
sa_dp_eps8p0_C75_b32_K1024,sa_dp,8.0,75,32,1024,,20260728,frequency_estimation,0.5085220336914062,0.5093137035525506,0.525390625,0.0078125,0.00390625,0.4590906143188477,0.557975959777832,512,1,65.27387339994311,2604417024,results/final/defenses/main/attacks/sa_dp_eps8p0_C75_b32_K1024/20260728/frequency_estimation.json
sa_dp_eps8p0_C75_b32_K1024,sa_dp,8.0,75,32,1024,,20260728,merge_similarity,0.4647064208984375,0.495520467162852,0.517578125,0.01171875,0.0078125,0.4143047332763672,0.5149406433105468,512,32,5.370730899972841,2604417024,results/final/defenses/main/attacks/sa_dp_eps8p0_C75_b32_K1024/20260728/merge_similarity.json
sa_dp_eps8p0_C75_b32_K1024,sa_dp,8.0,75,32,1024,,20260728,naive_bayes,0.4668121337890625,0.4736466341890394,0.513671875,0.0,0.0,0.41717300415039066,0.5162126541137695,512,0,46.22463870001957,2604417024,results/final/defenses/main/attacks/sa_dp_eps8p0_C75_b32_K1024/20260728/naive_bayes.json
sa_dp_eps4p0_C50_b32_K1024,sa_dp,4.0,50,32,1024,,20260726,compression_rate,0.532806396484375,0.5438810089206284,0.548828125,0.015625,0.0,0.4839321136474609,0.5832851409912109,512,0,30.796127900015563,2604417024,results/final/defenses/main/attacks/sa_dp_eps4p0_C50_b32_K1024/20260726/compression_rate.json
sa_dp_eps4p0_C50_b32_K1024,sa_dp,4.0,50,32,1024,,20260726,vocabulary_overlap,0.4594573974609375,0.4561478462815203,0.50390625,0.0,0.0,0.4098651885986328,0.5086688995361328,512,32,52.579447800060734,2604417024,results/final/defenses/main/attacks/sa_dp_eps4p0_C50_b32_K1024/20260726/vocabulary_overlap.json
sa_dp_eps4p0_C50_b32_K1024,sa_dp,4.0,50,32,1024,,20260726,frequency_estimation,0.47188568115234375,0.479985064116172,0.505859375,0.015625,0.0,0.42183513641357423,0.5221202850341796,512,1,66.09617089992389,2604417024,results/final/defenses/main/attacks/sa_dp_eps4p0_C50_b32_K1024/20260726/frequency_estimation.json
sa_dp_eps4p0_C50_b32_K1024,sa_dp,4.0,50,32,1024,,20260726,merge_similarity,0.4893951416015625,0.503819968853538,0.521484375,0.015625,0.0,0.4398956298828125,0.539520263671875,512,32,5.799509700154886,2604417024,results/final/defenses/main/attacks/sa_dp_eps4p0_C50_b32_K1024/20260726/merge_similarity.json
sa_dp_eps4p0_C50_b32_K1024,sa_dp,4.0,50,32,1024,,20260726,naive_bayes,0.45709228515625,0.4648743214939915,0.505859375,0.0,0.0,0.40730056762695316,0.5076629638671875,512,0,52.90377389988862,2604417024,results/final/defenses/main/attacks/sa_dp_eps4p0_C50_b32_K1024/20260726/naive_bayes.json
sa_dp_eps4p0_C50_b32_K1024,sa_dp,4.0,50,32,1024,,20260727,compression_rate,0.497283935546875,0.5047559678525243,0.515625,0.0,0.0,0.4479824066162109,0.5465713500976562,512,0,36.18606400000863,2604417024,results/final/defenses/main/attacks/sa_dp_eps4p0_C50_b32_K1024/20260727/compression_rate.json
sa_dp_eps4p0_C50_b32_K1024,sa_dp,4.0,50,32,1024,,20260727,vocabulary_overlap,0.4878692626953125,0.4936665536764042,0.51953125,0.00390625,0.0,0.4380943298339844,0.5385444641113282,512,32,64.98009380022995,2604417024,results/final/defenses/main/attacks/sa_dp_eps4p0_C50_b32_K1024/20260727/vocabulary_overlap.json
sa_dp_eps4p0_C50_b32_K1024,sa_dp,4.0,50,32,1024,,20260727,frequency_estimation,0.5181732177734375,0.4977834124652697,0.546875,0.01171875,0.00390625,0.46804027557373046,0.567131233215332,512,1,81.61285289982334,2604417024,results/final/defenses/main/attacks/sa_dp_eps4p0_C50_b32_K1024/20260727/frequency_estimation.json
sa_dp_eps4p0_C50_b32_K1024,sa_dp,4.0,50,32,1024,,20260727,merge_similarity,0.511962890625,0.520056248396158,0.5390625,0.01953125,0.0078125,0.4621417999267578,0.5623023986816407,512,32,6.989430099958554,2604417024,results/final/defenses/main/attacks/sa_dp_eps4p0_C50_b32_K1024/20260727/merge_similarity.json
sa_dp_eps4p0_C50_b32_K1024,sa_dp,4.0,50,32,1024,,20260727,naive_bayes,0.4691925048828125,0.4696308133894943,0.51171875,0.0,0.0,0.41960849761962893,0.5203559875488282,512,0,56.44820909993723,2604417024,results/final/defenses/main/attacks/sa_dp_eps4p0_C50_b32_K1024/20260727/naive_bayes.json
sa_dp_eps4p0_C50_b32_K1024,sa_dp,4.0,50,32,1024,,20260728,compression_rate,0.490081787109375,0.4975799706359955,0.515625,0.0078125,0.0078125,0.4396507263183594,0.5398262023925782,512,0,37.0741312999744,2604417024,results/final/defenses/main/attacks/sa_dp_eps4p0_C50_b32_K1024/20260728/compression_rate.json
sa_dp_eps4p0_C50_b32_K1024,sa_dp,4.0,50,32,1024,,20260728,vocabulary_overlap,0.476165771484375,0.5063626897929859,0.521484375,0.015625,0.0,0.4256282806396484,0.5266269683837891,512,32,77.70485870004632,2604417024,results/final/defenses/main/attacks/sa_dp_eps4p0_C50_b32_K1024/20260728/vocabulary_overlap.json
sa_dp_eps4p0_C50_b32_K1024,sa_dp,4.0,50,32,1024,,20260728,frequency_estimation,0.49881744384765625,0.501628497964193,0.53125,0.0078125,0.0,0.45004062652587895,0.5488590240478516,512,1,82.98707060003653,2604417024,results/final/defenses/main/attacks/sa_dp_eps4p0_C50_b32_K1024/20260728/frequency_estimation.json
sa_dp_eps4p0_C50_b32_K1024,sa_dp,4.0,50,32,1024,,20260728,merge_similarity,0.4715423583984375,0.4939893805454542,0.515625,0.0234375,0.0078125,0.422271728515625,0.5212100982666016,512,32,7.283284700009972,2604417024,results/final/defenses/main/attacks/sa_dp_eps4p0_C50_b32_K1024/20260728/merge_similarity.json
sa_dp_eps4p0_C50_b32_K1024,sa_dp,4.0,50,32,1024,,20260728,naive_bayes,0.466064453125,0.4746377123124562,0.513671875,0.0,0.0,0.41637325286865234,0.5154123306274414,512,0,57.98072990006767,2604417024,results/final/defenses/main/attacks/sa_dp_eps4p0_C50_b32_K1024/20260728/naive_bayes.json
