method_id,attack,roc_auc_mean,roc_auc_sample_std,average_precision_mean,average_precision_sample_std,balanced_accuracy_mean,balanced_accuracy_sample_std,tpr_at_fpr_le_0_01_mean,tpr_at_fpr_le_0_01_sample_std,tpr_at_fpr_le_0_001_mean,tpr_at_fpr_le_0_001_sample_std,seed_count,sources
he_only_reference,compression_rate,0.5133921305338541,0.021711843144783367,0.520225777809787,0.023048931017881386,0.5305989583333334,0.01814760399058119,0.0078125,0.0078125,0.0026041666666666665,0.004510548978043951,3,results/final/defenses/main/attacks/he_only_reference/20260726/compression_rate.json;results/final/defenses/main/attacks/he_only_reference/20260727/compression_rate.json;results/final/defenses/main/attacks/he_only_reference/20260728/compression_rate.json
he_only_reference,frequency_estimation,0.5550715128580729,0.026761824084960736,0.5643741485131971,0.0130034696913974,0.5592447916666666,0.03175455312046146,0.029947916666666668,0.018042195912175804,0.01171875,0.01171875,3,results/final/defenses/main/attacks/he_only_reference/20260726/frequency_estimation.json;results/final/defenses/main/attacks/he_only_reference/20260727/frequency_estimation.json;results/final/defenses/main/attacks/he_only_reference/20260728/frequency_estimation.json
he_only_reference,merge_similarity,0.474090576171875,0.030150239745771586,0.49029475731826117,0.028293465061089557,0.5149739583333334,0.010756973725168168,0.013020833333333334,0.009830513587592122,0.0013020833333333333,0.0022552744890219755,3,results/final/defenses/main/attacks/he_only_reference/20260726/merge_similarity.json;results/final/defenses/main/attacks/he_only_reference/20260727/merge_similarity.json;results/final/defenses/main/attacks/he_only_reference/20260728/merge_similarity.json
he_only_reference,naive_bayes,0.47296905517578125,0.006754074213455694,0.47746086185339326,0.008958487341096794,0.513671875,0.005859375,0.0,0.0,0.0,0.0,3,results/final/defenses/main/attacks/he_only_reference/20260726/naive_bayes.json;results/final/defenses/main/attacks/he_only_reference/20260727/naive_bayes.json;results/final/defenses/main/attacks/he_only_reference/20260728/naive_bayes.json
he_only_reference,vocabulary_overlap,0.4800059000651042,0.015437621881284419,0.4913254375908609,0.024596910488022365,0.5143229166666666,0.010756973725168168,0.010416666666666666,0.005966895436140417,0.00390625,0.0067658234670659265,3,results/final/defenses/main/attacks/he_only_reference/20260726/vocabulary_overlap.json;results/final/defenses/main/attacks/he_only_reference/20260727/vocabulary_overlap.json;results/final/defenses/main/attacks/he_only_reference/20260728/vocabulary_overlap.json
local_dp_eps16p0_C75_b32_K1024,compression_rate,0.50604248046875,0.021895766831651512,0.5139743542836985,0.024449929462128574,0.5260416666666666,0.016611133883037855,0.005208333333333333,0.004510548978043951,0.0026041666666666665,0.004510548978043951,3,results/final/defenses/main/attacks/local_dp_eps16p0_C75_b32_K1024/20260726/compression_rate.json;results/final/defenses/main/attacks/local_dp_eps16p0_C75_b32_K1024/20260727/compression_rate.json;results/final/defenses/main/attacks/local_dp_eps16p0_C75_b32_K1024/20260728/compression_rate.json
local_dp_eps16p0_C75_b32_K1024,frequency_estimation,0.5029932657877604,0.02215169093318636,0.5025581133113409,0.012418513257247164,0.529296875,0.01982205383807074,0.009114583333333334,0.0022552744890219755,0.00390625,0.00390625,3,results/final/defenses/main/attacks/local_dp_eps16p0_C75_b32_K1024/20260726/frequency_estimation.json;results/final/defenses/main/attacks/local_dp_eps16p0_C75_b32_K1024/20260727/frequency_estimation.json;results/final/defenses/main/attacks/local_dp_eps16p0_C75_b32_K1024/20260728/frequency_estimation.json
local_dp_eps16p0_C75_b32_K1024,merge_similarity,0.4895273844401042,0.02156751073733561,0.5091179411132304,0.013881788989520706,0.5201822916666666,0.00963453684046142,0.022135416666666668,0.011276372445109878,0.00390625,0.00390625,3,results/final/defenses/main/attacks/local_dp_eps16p0_C75_b32_K1024/20260726/merge_similarity.json;results/final/defenses/main/attacks/local_dp_eps16p0_C75_b32_K1024/20260727/merge_similarity.json;results/final/defenses/main/attacks/local_dp_eps16p0_C75_b32_K1024/20260728/merge_similarity.json
local_dp_eps16p0_C75_b32_K1024,naive_bayes,0.4647165934244792,0.006485368305941574,0.47218737201325744,0.002406513815816585,0.5091145833333334,0.004915256793796061,0.0,0.0,0.0,0.0,3,results/final/defenses/main/attacks/local_dp_eps16p0_C75_b32_K1024/20260726/naive_bayes.json;results/final/defenses/main/attacks/local_dp_eps16p0_C75_b32_K1024/20260727/naive_bayes.json;results/final/defenses/main/attacks/local_dp_eps16p0_C75_b32_K1024/20260728/naive_bayes.json
local_dp_eps16p0_C75_b32_K1024,vocabulary_overlap,0.4747314453125,0.01434641864204933,0.4883114384349048,0.025215439722635364,0.5149739583333334,0.011276372445109878,0.010416666666666666,0.009830513587592122,0.0,0.0,3,results/final/defenses/main/attacks/local_dp_eps16p0_C75_b32_K1024/20260726/vocabulary_overlap.json;results/final/defenses/main/attacks/local_dp_eps16p0_C75_b32_K1024/20260727/vocabulary_overlap.json;results/final/defenses/main/attacks/local_dp_eps16p0_C75_b32_K1024/20260728/vocabulary_overlap.json
min_count_10,compression_rate,0.5519460042317709,0.01951229447185899,0.5583860369615811,0.023654991431117243,0.5559895833333334,0.017722210402104425,0.01171875,0.0067658234670659265,0.0026041666666666665,0.004510548978043951,3,results/final/runs/attacks/main/20260726/vocab_16000/min_count_10/compression_rate.json;results/final/runs/attacks/main/20260727/vocab_16000/min_count_10/compression_rate.json;results/final/runs/attacks/main/20260728/vocab_16000/min_count_10/compression_rate.json
min_count_10,frequency_estimation,0.6892140706380209,0.03499256657706434,0.7318449098992142,0.02263532393128458,0.6588541666666666,0.016611133883037855,0.17838541666666666,0.03629520798116238,0.125,0.04133986423538423,3,results/final/runs/attacks/main/20260726/vocab_16000/min_count_10/frequency_estimation.json;results/final/runs/attacks/main/20260727/vocab_16000/min_count_10/frequency_estimation.json;results/final/runs/attacks/main/20260728/vocab_16000/min_count_10/frequency_estimation.json
min_count_10,merge_similarity,0.5290730794270834,0.019533737342124734,0.526473294338785,0.008839723144542733,0.544921875,0.01863162502767472,0.0078125,0.00390625,0.00390625,0.00390625,3,results/final/runs/attacks/main/20260726/vocab_16000/min_count_10/merge_similarity.json;results/final/runs/attacks/main/20260727/vocab_16000/min_count_10/merge_similarity.json;results/final/runs/attacks/main/20260728/vocab_16000/min_count_10/merge_similarity.json
min_count_10,naive_bayes,0.5301259358723959,0.011834313220336375,0.5638819314967455,0.011634106391138141,0.5455729166666666,0.005966895436140417,0.07421875,0.0078125,0.06380208333333333,0.009021097956087902,3,results/final/runs/attacks/main/20260726/vocab_16000/min_count_10/naive_bayes.json;results/final/runs/attacks/main/20260727/vocab_16000/min_count_10/naive_bayes.json;results/final/runs/attacks/main/20260728/vocab_16000/min_count_10/naive_bayes.json
min_count_10,vocabulary_overlap,0.5731455485026041,0.03228299781805885,0.5938272013110952,0.024209168974481124,0.5638020833333334,0.02160242190499617,0.05078125,0.02029747040119778,0.026041666666666668,0.01761425684696443,3,results/final/runs/attacks/main/20260726/vocab_16000/min_count_10/vocabulary_overlap.json;results/final/runs/attacks/main/20260727/vocab_16000/min_count_10/vocabulary_overlap.json;results/final/runs/attacks/main/20260728/vocab_16000/min_count_10/vocabulary_overlap.json
min_count_2,compression_rate,0.5520070393880209,0.019472446931551264,0.5584082412445347,0.02364127837766062,0.5559895833333334,0.017722210402104425,0.01171875,0.0067658234670659265,0.0026041666666666665,0.004510548978043951,3,results/final/runs/attacks/main/20260726/vocab_16000/min_count_2/compression_rate.json;results/final/runs/attacks/main/20260727/vocab_16000/min_count_2/compression_rate.json;results/final/runs/attacks/main/20260728/vocab_16000/min_count_2/compression_rate.json
min_count_2,frequency_estimation,0.6946640014648438,0.036886082211136366,0.7368814363615063,0.023825867481257007,0.6627604166666666,0.016611133883037855,0.18619791666666666,0.028793417171218725,0.125,0.04133986423538423,3,results/final/runs/attacks/main/20260726/vocab_16000/min_count_2/frequency_estimation.json;results/final/runs/attacks/main/20260727/vocab_16000/min_count_2/frequency_estimation.json;results/final/runs/attacks/main/20260728/vocab_16000/min_count_2/frequency_estimation.json
min_count_2,merge_similarity,0.5291798909505209,0.019395957697759193,0.5270343714923692,0.010668597168836943,0.54296875,0.01863162502767472,0.0078125,0.00390625,0.00390625,0.00390625,3,results/final/runs/attacks/main/20260726/vocab_16000/min_count_2/merge_similarity.json;results/final/runs/attacks/main/20260727/vocab_16000/min_count_2/merge_similarity.json;results/final/runs/attacks/main/20260728/vocab_16000/min_count_2/merge_similarity.json
min_count_2,naive_bayes,0.55078125,0.01625868905429807,0.5972761878031584,0.010660456424902546,0.55859375,0.0033829117335329633,0.109375,0.014084184669781208,0.10677083333333333,0.013718299157360336,3,results/final/runs/attacks/main/20260726/vocab_16000/min_count_2/naive_bayes.json;results/final/runs/attacks/main/20260727/vocab_16000/min_count_2/naive_bayes.json;results/final/runs/attacks/main/20260728/vocab_16000/min_count_2/naive_bayes.json
min_count_2,vocabulary_overlap,0.577239990234375,0.03196463927728378,0.5993165600314055,0.021642211254540418,0.5670572916666666,0.020515561532016575,0.05859375,0.024394523431243743,0.032552083333333336,0.022211877746395808,3,results/final/runs/attacks/main/20260726/vocab_16000/min_count_2/vocabulary_overlap.json;results/final/runs/attacks/main/20260727/vocab_16000/min_count_2/vocabulary_overlap.json;results/final/runs/attacks/main/20260728/vocab_16000/min_count_2/vocabulary_overlap.json
min_count_5,compression_rate,0.5519968668619791,0.019475722854230663,0.5584045010508679,0.023642123593241568,0.5559895833333334,0.017722210402104425,0.01171875,0.0067658234670659265,0.0026041666666666665,0.004510548978043951,3,results/final/runs/attacks/main/20260726/vocab_16000/min_count_5/compression_rate.json;results/final/runs/attacks/main/20260727/vocab_16000/min_count_5/compression_rate.json;results/final/runs/attacks/main/20260728/vocab_16000/min_count_5/compression_rate.json
min_count_5,frequency_estimation,0.6915206909179688,0.036311368096258415,0.7339091579604814,0.023596908957928854,0.6608072916666666,0.017064247945418172,0.18229166666666666,0.031814561778308895,0.125,0.04133986423538423,3,results/final/runs/attacks/main/20260726/vocab_16000/min_count_5/frequency_estimation.json;results/final/runs/attacks/main/20260727/vocab_16000/min_count_5/frequency_estimation.json;results/final/runs/attacks/main/20260728/vocab_16000/min_count_5/frequency_estimation.json
min_count_5,merge_similarity,0.529144287109375,0.019584410561489275,0.5268783856577254,0.009028434294758577,0.5442708333333334,0.0189697946410592,0.0078125,0.00390625,0.00390625,0.00390625,3,results/final/runs/attacks/main/20260726/vocab_16000/min_count_5/merge_similarity.json;results/final/runs/attacks/main/20260727/vocab_16000/min_count_5/merge_similarity.json;results/final/runs/attacks/main/20260728/vocab_16000/min_count_5/merge_similarity.json
min_count_5,naive_bayes,0.5320688883463541,0.011891721013478386,0.57082685145662,0.007314001672642701,0.5442708333333334,0.00406575390520729,0.08072916666666667,0.0022552744890219755,0.07421875,0.0078125,3,results/final/runs/attacks/main/20260726/vocab_16000/min_count_5/naive_bayes.json;results/final/runs/attacks/main/20260727/vocab_16000/min_count_5/naive_bayes.json;results/final/runs/attacks/main/20260728/vocab_16000/min_count_5/naive_bayes.json
min_count_5,vocabulary_overlap,0.5748952229817709,0.031563417746716275,0.5960388532851542,0.022801605442711582,0.5657552083333334,0.02263715970145014,0.052083333333333336,0.022888536238602795,0.028645833333333332,0.018460217290049253,3,results/final/runs/attacks/main/20260726/vocab_16000/min_count_5/vocabulary_overlap.json;results/final/runs/attacks/main/20260727/vocab_16000/min_count_5/vocabulary_overlap.json;results/final/runs/attacks/main/20260728/vocab_16000/min_count_5/vocabulary_overlap.json
plain_bpe,compression_rate,0.5520273844401041,0.019465941276028367,0.5584162722703776,0.023639469408670625,0.5559895833333334,0.017722210402104425,0.01171875,0.0067658234670659265,0.0026041666666666665,0.004510548978043951,3,results/final/runs/attacks/main/20260726/vocab_16000/plain_bpe/compression_rate.json;results/final/runs/attacks/main/20260727/vocab_16000/plain_bpe/compression_rate.json;results/final/runs/attacks/main/20260728/vocab_16000/plain_bpe/compression_rate.json
plain_bpe,frequency_estimation,0.6990203857421875,0.039085420946937365,0.7427823339722505,0.026847961826938653,0.6666666666666666,0.018767624095572363,0.20572916666666666,0.04302789490067267,0.125,0.04133986423538423,3,results/final/runs/attacks/main/20260726/vocab_16000/plain_bpe/frequency_estimation.json;results/final/runs/attacks/main/20260727/vocab_16000/plain_bpe/frequency_estimation.json;results/final/runs/attacks/main/20260728/vocab_16000/plain_bpe/frequency_estimation.json
plain_bpe,merge_similarity,0.5288187662760416,0.019357843304715634,0.5268394897937027,0.012777099911636527,0.5423177083333334,0.01637987711641813,0.009114583333333334,0.0022552744890219755,0.00390625,0.00390625,3,results/final/runs/attacks/main/20260726/vocab_16000/plain_bpe/merge_similarity.json;results/final/runs/attacks/main/20260727/vocab_16000/plain_bpe/merge_similarity.json;results/final/runs/attacks/main/20260728/vocab_16000/plain_bpe/merge_similarity.json
plain_bpe,naive_bayes,0.5755055745442709,0.020818638710438174,0.6361497582781579,0.017513041475276117,0.587890625,0.01014873520059889,0.17057291666666666,0.01578692142315383,0.16927083333333334,0.01761425684696443,3,results/final/runs/attacks/main/20260726/vocab_16000/plain_bpe/naive_bayes.json;results/final/runs/attacks/main/20260727/vocab_16000/plain_bpe/naive_bayes.json;results/final/runs/attacks/main/20260728/vocab_16000/plain_bpe/naive_bayes.json
plain_bpe,vocabulary_overlap,0.585357666015625,0.03351006216620691,0.6088500709084831,0.02656461754093328,0.5729166666666666,0.024576283968980307,0.06770833333333333,0.029577647634376425,0.033854166666666664,0.025415652729092623,3,results/final/runs/attacks/main/20260726/vocab_16000/plain_bpe/vocabulary_overlap.json;results/final/runs/attacks/main/20260727/vocab_16000/plain_bpe/vocabulary_overlap.json;results/final/runs/attacks/main/20260728/vocab_16000/plain_bpe/vocabulary_overlap.json
sa_dp_eps4p0_C50_b32_K1024,compression_rate,0.5067240397135416,0.02287323187854577,0.5154056491363828,0.024920038526145653,0.5266927083333334,0.019169833156686793,0.0078125,0.0078125,0.0026041666666666665,0.004510548978043951,3,results/final/defenses/main/attacks/sa_dp_eps4p0_C50_b32_K1024/20260726/compression_rate.json;results/final/defenses/main/attacks/sa_dp_eps4p0_C50_b32_K1024/20260727/compression_rate.json;results/final/defenses/main/attacks/sa_dp_eps4p0_C50_b32_K1024/20260728/compression_rate.json
sa_dp_eps4p0_C50_b32_K1024,frequency_estimation,0.4962921142578125,0.023246870300435693,0.49313232484854486,0.011547035082533231,0.5279947916666666,0.020700668093209175,0.01171875,0.00390625,0.0013020833333333333,0.0022552744890219755,3,results/final/defenses/main/attacks/sa_dp_eps4p0_C50_b32_K1024/20260726/frequency_estimation.json;results/final/defenses/main/attacks/sa_dp_eps4p0_C50_b32_K1024/20260727/frequency_estimation.json;results/final/defenses/main/attacks/sa_dp_eps4p0_C50_b32_K1024/20260728/frequency_estimation.json
sa_dp_eps4p0_C50_b32_K1024,merge_similarity,0.490966796875,0.020256046790860682,0.5059551992650501,0.013163958620764459,0.525390625,0.012197261715621872,0.01953125,0.00390625,0.005208333333333333,0.004510548978043951,3,results/final/defenses/main/attacks/sa_dp_eps4p0_C50_b32_K1024/20260726/merge_similarity.json;results/final/defenses/main/attacks/sa_dp_eps4p0_C50_b32_K1024/20260727/merge_similarity.json;results/final/defenses/main/attacks/sa_dp_eps4p0_C50_b32_K1024/20260728/merge_similarity.json
sa_dp_eps4p0_C50_b32_K1024,naive_bayes,0.4641164143880208,0.006280921154444753,0.4697142823986473,0.004882230573737486,0.5104166666666666,0.00406575390520729,0.0,0.0,0.0,0.0,3,results/final/defenses/main/attacks/sa_dp_eps4p0_C50_b32_K1024/20260726/naive_bayes.json;results/final/defenses/main/attacks/sa_dp_eps4p0_C50_b32_K1024/20260727/naive_bayes.json;results/final/defenses/main/attacks/sa_dp_eps4p0_C50_b32_K1024/20260728/naive_bayes.json
sa_dp_eps4p0_C50_b32_K1024,vocabulary_overlap,0.4744974772135417,0.014279213068465755,0.4853923632503035,0.02610994633517616,0.5149739583333334,0.00963453684046142,0.006510416666666667,0.00813150781041458,0.0,0.0,3,results/final/defenses/main/attacks/sa_dp_eps4p0_C50_b32_K1024/20260726/vocabulary_overlap.json;results/final/defenses/main/attacks/sa_dp_eps4p0_C50_b32_K1024/20260727/vocabulary_overlap.json;results/final/defenses/main/attacks/sa_dp_eps4p0_C50_b32_K1024/20260728/vocabulary_overlap.json
sa_dp_eps8p0_C75_b32_K1024,compression_rate,0.5067596435546875,0.02216169314684041,0.5148643457387247,0.02435994240421012,0.5299479166666666,0.019949939382870523,0.006510416666666667,0.005966895436140417,0.0026041666666666665,0.004510548978043951,3,results/final/defenses/main/attacks/sa_dp_eps8p0_C75_b32_K1024/20260726/compression_rate.json;results/final/defenses/main/attacks/sa_dp_eps8p0_C75_b32_K1024/20260727/compression_rate.json;results/final/defenses/main/attacks/sa_dp_eps8p0_C75_b32_K1024/20260728/compression_rate.json
sa_dp_eps8p0_C75_b32_K1024,frequency_estimation,0.4944000244140625,0.024605540183039787,0.4940668379981919,0.014617859018145276,0.5240885416666666,0.021513947450336336,0.0078125,0.0,0.00390625,0.0,3,results/final/defenses/main/attacks/sa_dp_eps8p0_C75_b32_K1024/20260726/frequency_estimation.json;results/final/defenses/main/attacks/sa_dp_eps8p0_C75_b32_K1024/20260727/frequency_estimation.json;results/final/defenses/main/attacks/sa_dp_eps8p0_C75_b32_K1024/20260728/frequency_estimation.json
sa_dp_eps8p0_C75_b32_K1024,merge_similarity,0.4932759602864583,0.026394751646314704,0.5099670482722557,0.012997488216657943,0.5260416666666666,0.011444268119301397,0.01953125,0.0078125,0.009114583333333334,0.009830513587592122,3,results/final/defenses/main/attacks/sa_dp_eps8p0_C75_b32_K1024/20260726/merge_similarity.json;results/final/defenses/main/attacks/sa_dp_eps8p0_C75_b32_K1024/20260727/merge_similarity.json;results/final/defenses/main/attacks/sa_dp_eps8p0_C75_b32_K1024/20260728/merge_similarity.json
sa_dp_eps8p0_C75_b32_K1024,naive_bayes,0.462982177734375,0.008410250871855133,0.46788085992762785,0.006892682861687609,0.5084635416666666,0.005966895436140417,0.0,0.0,0.0,0.0,3,results/final/defenses/main/attacks/sa_dp_eps8p0_C75_b32_K1024/20260726/naive_bayes.json;results/final/defenses/main/attacks/sa_dp_eps8p0_C75_b32_K1024/20260727/naive_bayes.json;results/final/defenses/main/attacks/sa_dp_eps8p0_C75_b32_K1024/20260728/naive_bayes.json
sa_dp_eps8p0_C75_b32_K1024,vocabulary_overlap,0.4770711263020833,0.012605462255634834,0.4865665969582473,0.024934291567201356,0.517578125,0.013531646934131853,0.0078125,0.010334966058846057,0.0013020833333333333,0.0022552744890219755,3,results/final/defenses/main/attacks/sa_dp_eps8p0_C75_b32_K1024/20260726/vocabulary_overlap.json;results/final/defenses/main/attacks/sa_dp_eps8p0_C75_b32_K1024/20260727/vocabulary_overlap.json;results/final/defenses/main/attacks/sa_dp_eps8p0_C75_b32_K1024/20260728/vocabulary_overlap.json
