method_id,seed,accuracy,macro_f1,best_validation_epoch,training_elapsed_seconds,source
plain_bpe,20260726,0.8868421052631579,0.8870607932934109,3,2905.54619620007,results/final/downstream/development/plain_bpe/20260726/result.json
plain_bpe,20260727,0.8889473684210526,0.8889951807801947,7,4532.974306200049,results/final/downstream/development/plain_bpe/20260727/result.json
plain_bpe,20260728,0.8847368421052632,0.8847973883207845,3,3136.2909791999264,results/final/downstream/development/plain_bpe/20260728/result.json
local_dp_eps16p0_C75_b32_K1024,20260726,0.8857894736842106,0.8853670734906322,4,3189.7827090999344,results/final/downstream/development/local_dp_eps16p0_C75_b32_K1024/20260726/result.json
local_dp_eps16p0_C75_b32_K1024,20260727,0.8843421052631579,0.884289455272594,4,1370.034592299955,results/final/downstream/development/local_dp_eps16p0_C75_b32_K1024/20260727/result.json
local_dp_eps16p0_C75_b32_K1024,20260728,0.8867105263157895,0.8867831255302699,3,1142.0876568999374,results/final/downstream/development/local_dp_eps16p0_C75_b32_K1024/20260728/result.json
local_dp_eps4p0_C75_b32_K1024,20260726,0.8856578947368421,0.8855062074235428,3,1143.4221213000128,results/final/downstream/development/local_dp_eps4p0_C75_b32_K1024/20260726/result.json
local_dp_eps4p0_C75_b32_K1024,20260727,0.8827631578947368,0.8827559250994703,6,1825.6187912999885,results/final/downstream/development/local_dp_eps4p0_C75_b32_K1024/20260727/result.json
local_dp_eps4p0_C75_b32_K1024,20260728,0.886578947368421,0.8868362847102527,4,1369.7798029000405,results/final/downstream/development/local_dp_eps4p0_C75_b32_K1024/20260728/result.json
local_dp_eps4p0_C90_b32_K1024,20260726,0.8875,0.8873702635693498,3,1142.8069788999856,results/final/downstream/development/local_dp_eps4p0_C90_b32_K1024/20260726/result.json
local_dp_eps4p0_C90_b32_K1024,20260727,0.8857894736842106,0.8854022371746608,5,1715.0093839999754,results/final/downstream/development/local_dp_eps4p0_C90_b32_K1024/20260727/result.json
local_dp_eps4p0_C90_b32_K1024,20260728,0.8810526315789474,0.8810478911615957,6,5086.042859299923,results/final/downstream/development/local_dp_eps4p0_C90_b32_K1024/20260728/result.json
sa_dp_eps8p0_C75_b32_K1024,20260726,0.8905263157894737,0.8903446798826411,3,3431.1728580000345,results/final/downstream/development/sa_dp_eps8p0_C75_b32_K1024/20260726/result.json
sa_dp_eps8p0_C75_b32_K1024,20260727,0.8867105263157895,0.8863229328195863,5,1700.7856919001788,results/final/downstream/development/sa_dp_eps8p0_C75_b32_K1024/20260727/result.json
sa_dp_eps8p0_C75_b32_K1024,20260728,0.8827631578947368,0.8829531534048386,3,1216.6451578999404,results/final/downstream/development/sa_dp_eps8p0_C75_b32_K1024/20260728/result.json
sa_dp_eps4p0_C50_b32_K1024,20260726,0.891578947368421,0.8912580095256444,4,1458.2414154999424,results/final/downstream/development/sa_dp_eps4p0_C50_b32_K1024/20260726/result.json
sa_dp_eps4p0_C50_b32_K1024,20260727,0.8853947368421052,0.8850673757529275,5,1701.9154908999335,results/final/downstream/development/sa_dp_eps4p0_C50_b32_K1024/20260727/result.json
sa_dp_eps4p0_C50_b32_K1024,20260728,0.8873684210526316,0.8875833749480324,4,1458.890850200085,results/final/downstream/development/sa_dp_eps4p0_C50_b32_K1024/20260728/result.json
sa_dp_eps4p0_C75_b32_K512,20260726,0.8910526315789473,0.8906116804973654,4,1457.302892100066,results/final/downstream/development/sa_dp_eps4p0_C75_b32_K512/20260726/result.json
sa_dp_eps4p0_C75_b32_K512,20260727,0.8793421052631579,0.8789394408087924,5,1701.4164839999285,results/final/downstream/development/sa_dp_eps4p0_C75_b32_K512/20260727/result.json
sa_dp_eps4p0_C75_b32_K512,20260728,0.8838157894736842,0.884092372917561,4,1460.0249536999036,results/final/downstream/development/sa_dp_eps4p0_C75_b32_K512/20260728/result.json
sa_dp_eps0p5_C75_b32_K1024,20260726,0.8853947368421052,0.8850635541553213,3,1217.559367199894,results/final/downstream/development/sa_dp_eps0p5_C75_b32_K1024/20260726/result.json
sa_dp_eps0p5_C75_b32_K1024,20260727,0.8881578947368421,0.8880075009323489,5,1701.3589019000065,results/final/downstream/development/sa_dp_eps0p5_C75_b32_K1024/20260727/result.json
sa_dp_eps0p5_C75_b32_K1024,20260728,0.8843421052631579,0.8838590725310438,5,1704.6460476000793,results/final/downstream/development/sa_dp_eps0p5_C75_b32_K1024/20260728/result.json
sa_dp_eps1p0_C75_b32_K1024,20260726,0.8855263157894737,0.8850417430666355,3,1220.4072052000556,results/final/downstream/development/sa_dp_eps1p0_C75_b32_K1024/20260726/result.json
sa_dp_eps1p0_C75_b32_K1024,20260727,0.8882894736842105,0.8882853558696916,4,1460.770685599884,results/final/downstream/development/sa_dp_eps1p0_C75_b32_K1024/20260727/result.json
sa_dp_eps1p0_C75_b32_K1024,20260728,0.8859210526315789,0.8853231329622022,5,1703.1476998000871,results/final/downstream/development/sa_dp_eps1p0_C75_b32_K1024/20260728/result.json
sa_dp_eps2p0_C75_b32_K1024,20260726,0.8844736842105263,0.8839809065763271,3,1217.3763757999986,results/final/downstream/development/sa_dp_eps2p0_C75_b32_K1024/20260726/result.json
sa_dp_eps2p0_C75_b32_K1024,20260727,0.883421052631579,0.8835597733592412,4,1458.866936699953,results/final/downstream/development/sa_dp_eps2p0_C75_b32_K1024/20260727/result.json
sa_dp_eps2p0_C75_b32_K1024,20260728,0.8848684210526315,0.8853526371937437,4,1459.5444515000563,results/final/downstream/development/sa_dp_eps2p0_C75_b32_K1024/20260728/result.json
sa_dp_eps4p0_C75_b32_K1024,20260726,0.8869736842105264,0.8863969352253629,3,1216.9038994999137,results/final/downstream/development/sa_dp_eps4p0_C75_b32_K1024/20260726/result.json
sa_dp_eps4p0_C75_b32_K1024,20260727,0.8875,0.8870916648610339,6,1945.033985100221,results/final/downstream/development/sa_dp_eps4p0_C75_b32_K1024/20260727/result.json
sa_dp_eps4p0_C75_b32_K1024,20260728,0.8863157894736842,0.886429182749566,6,1944.4043699998874,results/final/downstream/development/sa_dp_eps4p0_C75_b32_K1024/20260728/result.json
sa_dp_eps16p0_C75_b32_K1024,20260726,0.888421052631579,0.8883766921456119,3,1217.6188905001618,results/final/downstream/development/sa_dp_eps16p0_C75_b32_K1024/20260726/result.json
sa_dp_eps16p0_C75_b32_K1024,20260727,0.8840789473684211,0.883938052402994,5,1672.5603839000687,results/final/downstream/development/sa_dp_eps16p0_C75_b32_K1024/20260727/result.json
sa_dp_eps16p0_C75_b32_K1024,20260728,0.8880263157894737,0.8883050223440885,4,1410.2886634999886,results/final/downstream/development/sa_dp_eps16p0_C75_b32_K1024/20260728/result.json
