method_id,mode,epsilon_total,clipping_percentile,batch_merge_size,candidate_pool_size,seed,attack,roc_auc,average_precision,balanced_accuracy,tpr_at_fpr_le_0_01,tpr_at_fpr_le_0_001,source
private_plain_reference,plain,,75,32,1024,20260726,compression_rate,0.5283203125,0.5521556170069721,0.5703125,0.046875,0.046875,results/final/defenses/development/attacks/private_plain_reference/20260726/compression_rate.json
private_plain_reference,plain,,75,32,1024,20260726,vocabulary_overlap,0.615234375,0.5968497040595616,0.65625,0.03125,0.03125,results/final/defenses/development/attacks/private_plain_reference/20260726/vocabulary_overlap.json
private_plain_reference,plain,,75,32,1024,20260726,frequency_estimation,0.59619140625,0.6120052116936195,0.609375,0.09375,0.09375,results/final/defenses/development/attacks/private_plain_reference/20260726/frequency_estimation.json
private_plain_reference,plain,,75,32,1024,20260726,merge_similarity,0.58154296875,0.6056865120717472,0.5859375,0.03125,0.03125,results/final/defenses/development/attacks/private_plain_reference/20260726/merge_similarity.json
private_plain_reference,plain,,75,32,1024,20260726,naive_bayes,0.529052734375,0.505066966782474,0.5546875,0.0,0.0,results/final/defenses/development/attacks/private_plain_reference/20260726/naive_bayes.json
private_plain_reference,plain,,75,32,1024,20260727,compression_rate,0.429931640625,0.48801673850032723,0.5234375,0.015625,0.015625,results/final/defenses/development/attacks/private_plain_reference/20260727/compression_rate.json
private_plain_reference,plain,,75,32,1024,20260727,vocabulary_overlap,0.54150390625,0.5664139740126711,0.5703125,0.0625,0.0625,results/final/defenses/development/attacks/private_plain_reference/20260727/vocabulary_overlap.json
private_plain_reference,plain,,75,32,1024,20260727,frequency_estimation,0.5562744140625,0.5691231936552055,0.5625,0.03125,0.03125,results/final/defenses/development/attacks/private_plain_reference/20260727/frequency_estimation.json
private_plain_reference,plain,,75,32,1024,20260727,merge_similarity,0.55029296875,0.5200513212206033,0.578125,0.0,0.0,results/final/defenses/development/attacks/private_plain_reference/20260727/merge_similarity.json
private_plain_reference,plain,,75,32,1024,20260727,naive_bayes,0.474609375,0.4870493710632304,0.5546875,0.0,0.0,results/final/defenses/development/attacks/private_plain_reference/20260727/naive_bayes.json
private_plain_reference,plain,,75,32,1024,20260728,compression_rate,0.4921875,0.5567227986538387,0.546875,0.078125,0.078125,results/final/defenses/development/attacks/private_plain_reference/20260728/compression_rate.json
private_plain_reference,plain,,75,32,1024,20260728,vocabulary_overlap,0.61669921875,0.5910902453395028,0.625,0.03125,0.03125,results/final/defenses/development/attacks/private_plain_reference/20260728/vocabulary_overlap.json
private_plain_reference,plain,,75,32,1024,20260728,frequency_estimation,0.615966796875,0.6211163835376103,0.6328125,0.078125,0.078125,results/final/defenses/development/attacks/private_plain_reference/20260728/frequency_estimation.json
private_plain_reference,plain,,75,32,1024,20260728,merge_similarity,0.643798828125,0.647585723085425,0.625,0.0,0.0,results/final/defenses/development/attacks/private_plain_reference/20260728/merge_similarity.json
private_plain_reference,plain,,75,32,1024,20260728,naive_bayes,0.447509765625,0.4629113915636271,0.515625,0.0,0.0,results/final/defenses/development/attacks/private_plain_reference/20260728/naive_bayes.json
he_only_reference,he_only,,75,32,1024,20260726,compression_rate,0.5283203125,0.5521556170069721,0.5703125,0.046875,0.046875,results/final/defenses/development/attacks/he_only_reference/20260726/compression_rate.json
he_only_reference,he_only,,75,32,1024,20260726,vocabulary_overlap,0.615234375,0.5968497040595616,0.65625,0.03125,0.03125,results/final/defenses/development/attacks/he_only_reference/20260726/vocabulary_overlap.json
he_only_reference,he_only,,75,32,1024,20260726,frequency_estimation,0.59619140625,0.6120052116936195,0.609375,0.09375,0.09375,results/final/defenses/development/attacks/he_only_reference/20260726/frequency_estimation.json
he_only_reference,he_only,,75,32,1024,20260726,merge_similarity,0.58154296875,0.6056865120717472,0.5859375,0.03125,0.03125,results/final/defenses/development/attacks/he_only_reference/20260726/merge_similarity.json
he_only_reference,he_only,,75,32,1024,20260726,naive_bayes,0.529052734375,0.505066966782474,0.5546875,0.0,0.0,results/final/defenses/development/attacks/he_only_reference/20260726/naive_bayes.json
he_only_reference,he_only,,75,32,1024,20260727,compression_rate,0.429931640625,0.48801673850032723,0.5234375,0.015625,0.015625,results/final/defenses/development/attacks/he_only_reference/20260727/compression_rate.json
he_only_reference,he_only,,75,32,1024,20260727,vocabulary_overlap,0.54150390625,0.5664139740126711,0.5703125,0.0625,0.0625,results/final/defenses/development/attacks/he_only_reference/20260727/vocabulary_overlap.json
he_only_reference,he_only,,75,32,1024,20260727,frequency_estimation,0.5562744140625,0.5691231936552055,0.5625,0.03125,0.03125,results/final/defenses/development/attacks/he_only_reference/20260727/frequency_estimation.json
he_only_reference,he_only,,75,32,1024,20260727,merge_similarity,0.55029296875,0.5200513212206033,0.578125,0.0,0.0,results/final/defenses/development/attacks/he_only_reference/20260727/merge_similarity.json
he_only_reference,he_only,,75,32,1024,20260727,naive_bayes,0.474609375,0.4870493710632304,0.5546875,0.0,0.0,results/final/defenses/development/attacks/he_only_reference/20260727/naive_bayes.json
he_only_reference,he_only,,75,32,1024,20260728,compression_rate,0.4921875,0.5567227986538387,0.546875,0.078125,0.078125,results/final/defenses/development/attacks/he_only_reference/20260728/compression_rate.json
he_only_reference,he_only,,75,32,1024,20260728,vocabulary_overlap,0.61669921875,0.5910902453395028,0.625,0.03125,0.03125,results/final/defenses/development/attacks/he_only_reference/20260728/vocabulary_overlap.json
he_only_reference,he_only,,75,32,1024,20260728,frequency_estimation,0.615966796875,0.6211163835376103,0.6328125,0.078125,0.078125,results/final/defenses/development/attacks/he_only_reference/20260728/frequency_estimation.json
he_only_reference,he_only,,75,32,1024,20260728,merge_similarity,0.643798828125,0.647585723085425,0.625,0.0,0.0,results/final/defenses/development/attacks/he_only_reference/20260728/merge_similarity.json
he_only_reference,he_only,,75,32,1024,20260728,naive_bayes,0.447509765625,0.4629113915636271,0.515625,0.0,0.0,results/final/defenses/development/attacks/he_only_reference/20260728/naive_bayes.json
sa_dp_eps0p5_C75_b32_K1024,sa_dp,0.5,75,32,1024,20260726,compression_rate,0.496337890625,0.5284401813446112,0.5390625,0.03125,0.03125,results/final/defenses/development/attacks/sa_dp_eps0p5_C75_b32_K1024/20260726/compression_rate.json
sa_dp_eps0p5_C75_b32_K1024,sa_dp,0.5,75,32,1024,20260726,vocabulary_overlap,0.4853515625,0.49337410915301927,0.5625,0.0,0.0,results/final/defenses/development/attacks/sa_dp_eps0p5_C75_b32_K1024/20260726/vocabulary_overlap.json
sa_dp_eps0p5_C75_b32_K1024,sa_dp,0.5,75,32,1024,20260726,frequency_estimation,0.46826171875,0.46877799791257363,0.53125,0.0,0.0,results/final/defenses/development/attacks/sa_dp_eps0p5_C75_b32_K1024/20260726/frequency_estimation.json
sa_dp_eps0p5_C75_b32_K1024,sa_dp,0.5,75,32,1024,20260726,merge_similarity,0.509521484375,0.5056023279625182,0.5703125,0.0,0.0,results/final/defenses/development/attacks/sa_dp_eps0p5_C75_b32_K1024/20260726/merge_similarity.json
sa_dp_eps0p5_C75_b32_K1024,sa_dp,0.5,75,32,1024,20260726,naive_bayes,0.5234375,0.5074363487719117,0.546875,0.0,0.0,results/final/defenses/development/attacks/sa_dp_eps0p5_C75_b32_K1024/20260726/naive_bayes.json
sa_dp_eps0p5_C75_b32_K1024,sa_dp,0.5,75,32,1024,20260727,compression_rate,0.40673828125,0.4745696061895537,0.515625,0.015625,0.015625,results/final/defenses/development/attacks/sa_dp_eps0p5_C75_b32_K1024/20260727/compression_rate.json
sa_dp_eps0p5_C75_b32_K1024,sa_dp,0.5,75,32,1024,20260727,vocabulary_overlap,0.49560546875,0.48413208933905805,0.5546875,0.0,0.0,results/final/defenses/development/attacks/sa_dp_eps0p5_C75_b32_K1024/20260727/vocabulary_overlap.json
sa_dp_eps0p5_C75_b32_K1024,sa_dp,0.5,75,32,1024,20260727,frequency_estimation,0.5157470703125,0.5293289036305509,0.5390625,0.015625,0.015625,results/final/defenses/development/attacks/sa_dp_eps0p5_C75_b32_K1024/20260727/frequency_estimation.json
sa_dp_eps0p5_C75_b32_K1024,sa_dp,0.5,75,32,1024,20260727,merge_similarity,0.49560546875,0.49668723465986214,0.5390625,0.0,0.0,results/final/defenses/development/attacks/sa_dp_eps0p5_C75_b32_K1024/20260727/merge_similarity.json
sa_dp_eps0p5_C75_b32_K1024,sa_dp,0.5,75,32,1024,20260727,naive_bayes,0.48193359375,0.49950350577818686,0.5546875,0.0,0.0,results/final/defenses/development/attacks/sa_dp_eps0p5_C75_b32_K1024/20260727/naive_bayes.json
sa_dp_eps0p5_C75_b32_K1024,sa_dp,0.5,75,32,1024,20260728,compression_rate,0.443359375,0.5174203058709919,0.53125,0.03125,0.03125,results/final/defenses/development/attacks/sa_dp_eps0p5_C75_b32_K1024/20260728/compression_rate.json
sa_dp_eps0p5_C75_b32_K1024,sa_dp,0.5,75,32,1024,20260728,vocabulary_overlap,0.51513671875,0.5138304835000891,0.546875,0.015625,0.015625,results/final/defenses/development/attacks/sa_dp_eps0p5_C75_b32_K1024/20260728/vocabulary_overlap.json
sa_dp_eps0p5_C75_b32_K1024,sa_dp,0.5,75,32,1024,20260728,frequency_estimation,0.458984375,0.4594693807191204,0.53125,0.0,0.0,results/final/defenses/development/attacks/sa_dp_eps0p5_C75_b32_K1024/20260728/frequency_estimation.json
sa_dp_eps0p5_C75_b32_K1024,sa_dp,0.5,75,32,1024,20260728,merge_similarity,0.53759765625,0.5216137701134582,0.5859375,0.0,0.0,results/final/defenses/development/attacks/sa_dp_eps0p5_C75_b32_K1024/20260728/merge_similarity.json
sa_dp_eps0p5_C75_b32_K1024,sa_dp,0.5,75,32,1024,20260728,naive_bayes,0.4205322265625,0.45347365333338174,0.5078125,0.0,0.0,results/final/defenses/development/attacks/sa_dp_eps0p5_C75_b32_K1024/20260728/naive_bayes.json
sa_dp_eps1p0_C75_b32_K1024,sa_dp,1.0,75,32,1024,20260726,compression_rate,0.496337890625,0.5284401813446112,0.5390625,0.03125,0.03125,results/final/defenses/development/attacks/sa_dp_eps1p0_C75_b32_K1024/20260726/compression_rate.json
sa_dp_eps1p0_C75_b32_K1024,sa_dp,1.0,75,32,1024,20260726,vocabulary_overlap,0.4853515625,0.49337410915301927,0.5625,0.0,0.0,results/final/defenses/development/attacks/sa_dp_eps1p0_C75_b32_K1024/20260726/vocabulary_overlap.json
sa_dp_eps1p0_C75_b32_K1024,sa_dp,1.0,75,32,1024,20260726,frequency_estimation,0.46826171875,0.46877799791257363,0.53125,0.0,0.0,results/final/defenses/development/attacks/sa_dp_eps1p0_C75_b32_K1024/20260726/frequency_estimation.json
sa_dp_eps1p0_C75_b32_K1024,sa_dp,1.0,75,32,1024,20260726,merge_similarity,0.509521484375,0.5056023279625182,0.5703125,0.0,0.0,results/final/defenses/development/attacks/sa_dp_eps1p0_C75_b32_K1024/20260726/merge_similarity.json
sa_dp_eps1p0_C75_b32_K1024,sa_dp,1.0,75,32,1024,20260726,naive_bayes,0.5234375,0.5074363487719117,0.546875,0.0,0.0,results/final/defenses/development/attacks/sa_dp_eps1p0_C75_b32_K1024/20260726/naive_bayes.json
sa_dp_eps1p0_C75_b32_K1024,sa_dp,1.0,75,32,1024,20260727,compression_rate,0.40673828125,0.4745696061895537,0.515625,0.015625,0.015625,results/final/defenses/development/attacks/sa_dp_eps1p0_C75_b32_K1024/20260727/compression_rate.json
sa_dp_eps1p0_C75_b32_K1024,sa_dp,1.0,75,32,1024,20260727,vocabulary_overlap,0.49560546875,0.48413208933905805,0.5546875,0.0,0.0,results/final/defenses/development/attacks/sa_dp_eps1p0_C75_b32_K1024/20260727/vocabulary_overlap.json
sa_dp_eps1p0_C75_b32_K1024,sa_dp,1.0,75,32,1024,20260727,frequency_estimation,0.5157470703125,0.5293289036305509,0.5390625,0.015625,0.015625,results/final/defenses/development/attacks/sa_dp_eps1p0_C75_b32_K1024/20260727/frequency_estimation.json
sa_dp_eps1p0_C75_b32_K1024,sa_dp,1.0,75,32,1024,20260727,merge_similarity,0.49560546875,0.49668723465986214,0.5390625,0.0,0.0,results/final/defenses/development/attacks/sa_dp_eps1p0_C75_b32_K1024/20260727/merge_similarity.json
sa_dp_eps1p0_C75_b32_K1024,sa_dp,1.0,75,32,1024,20260727,naive_bayes,0.48193359375,0.49950350577818686,0.5546875,0.0,0.0,results/final/defenses/development/attacks/sa_dp_eps1p0_C75_b32_K1024/20260727/naive_bayes.json
sa_dp_eps1p0_C75_b32_K1024,sa_dp,1.0,75,32,1024,20260728,compression_rate,0.443359375,0.5174203058709919,0.53125,0.03125,0.03125,results/final/defenses/development/attacks/sa_dp_eps1p0_C75_b32_K1024/20260728/compression_rate.json
sa_dp_eps1p0_C75_b32_K1024,sa_dp,1.0,75,32,1024,20260728,vocabulary_overlap,0.51513671875,0.5138304835000891,0.546875,0.015625,0.015625,results/final/defenses/development/attacks/sa_dp_eps1p0_C75_b32_K1024/20260728/vocabulary_overlap.json
sa_dp_eps1p0_C75_b32_K1024,sa_dp,1.0,75,32,1024,20260728,frequency_estimation,0.458984375,0.4594693807191204,0.53125,0.0,0.0,results/final/defenses/development/attacks/sa_dp_eps1p0_C75_b32_K1024/20260728/frequency_estimation.json
sa_dp_eps1p0_C75_b32_K1024,sa_dp,1.0,75,32,1024,20260728,merge_similarity,0.53759765625,0.5216137701134582,0.5859375,0.0,0.0,results/final/defenses/development/attacks/sa_dp_eps1p0_C75_b32_K1024/20260728/merge_similarity.json
sa_dp_eps1p0_C75_b32_K1024,sa_dp,1.0,75,32,1024,20260728,naive_bayes,0.4205322265625,0.45347365333338174,0.5078125,0.0,0.0,results/final/defenses/development/attacks/sa_dp_eps1p0_C75_b32_K1024/20260728/naive_bayes.json
sa_dp_eps2p0_C75_b32_K1024,sa_dp,2.0,75,32,1024,20260726,compression_rate,0.496337890625,0.5284401813446112,0.5390625,0.03125,0.03125,results/final/defenses/development/attacks/sa_dp_eps2p0_C75_b32_K1024/20260726/compression_rate.json
sa_dp_eps2p0_C75_b32_K1024,sa_dp,2.0,75,32,1024,20260726,vocabulary_overlap,0.4853515625,0.49337410915301927,0.5625,0.0,0.0,results/final/defenses/development/attacks/sa_dp_eps2p0_C75_b32_K1024/20260726/vocabulary_overlap.json
sa_dp_eps2p0_C75_b32_K1024,sa_dp,2.0,75,32,1024,20260726,frequency_estimation,0.46826171875,0.46877799791257363,0.53125,0.0,0.0,results/final/defenses/development/attacks/sa_dp_eps2p0_C75_b32_K1024/20260726/frequency_estimation.json
sa_dp_eps2p0_C75_b32_K1024,sa_dp,2.0,75,32,1024,20260726,merge_similarity,0.509521484375,0.5056023279625182,0.5703125,0.0,0.0,results/final/defenses/development/attacks/sa_dp_eps2p0_C75_b32_K1024/20260726/merge_similarity.json
sa_dp_eps2p0_C75_b32_K1024,sa_dp,2.0,75,32,1024,20260726,naive_bayes,0.5234375,0.5074363487719117,0.546875,0.0,0.0,results/final/defenses/development/attacks/sa_dp_eps2p0_C75_b32_K1024/20260726/naive_bayes.json
sa_dp_eps2p0_C75_b32_K1024,sa_dp,2.0,75,32,1024,20260727,compression_rate,0.40673828125,0.4745696061895537,0.515625,0.015625,0.015625,results/final/defenses/development/attacks/sa_dp_eps2p0_C75_b32_K1024/20260727/compression_rate.json
sa_dp_eps2p0_C75_b32_K1024,sa_dp,2.0,75,32,1024,20260727,vocabulary_overlap,0.49560546875,0.48413208933905805,0.5546875,0.0,0.0,results/final/defenses/development/attacks/sa_dp_eps2p0_C75_b32_K1024/20260727/vocabulary_overlap.json
sa_dp_eps2p0_C75_b32_K1024,sa_dp,2.0,75,32,1024,20260727,frequency_estimation,0.5157470703125,0.5293289036305509,0.5390625,0.015625,0.015625,results/final/defenses/development/attacks/sa_dp_eps2p0_C75_b32_K1024/20260727/frequency_estimation.json
sa_dp_eps2p0_C75_b32_K1024,sa_dp,2.0,75,32,1024,20260727,merge_similarity,0.49560546875,0.49668723465986214,0.5390625,0.0,0.0,results/final/defenses/development/attacks/sa_dp_eps2p0_C75_b32_K1024/20260727/merge_similarity.json
sa_dp_eps2p0_C75_b32_K1024,sa_dp,2.0,75,32,1024,20260727,naive_bayes,0.48193359375,0.49950350577818686,0.5546875,0.0,0.0,results/final/defenses/development/attacks/sa_dp_eps2p0_C75_b32_K1024/20260727/naive_bayes.json
sa_dp_eps2p0_C75_b32_K1024,sa_dp,2.0,75,32,1024,20260728,compression_rate,0.44873046875,0.5031625008873488,0.53125,0.015625,0.015625,results/final/defenses/development/attacks/sa_dp_eps2p0_C75_b32_K1024/20260728/compression_rate.json
sa_dp_eps2p0_C75_b32_K1024,sa_dp,2.0,75,32,1024,20260728,vocabulary_overlap,0.486572265625,0.48992933190544663,0.5390625,0.015625,0.015625,results/final/defenses/development/attacks/sa_dp_eps2p0_C75_b32_K1024/20260728/vocabulary_overlap.json
sa_dp_eps2p0_C75_b32_K1024,sa_dp,2.0,75,32,1024,20260728,frequency_estimation,0.5406494140625,0.5103409185943532,0.5703125,0.0,0.0,results/final/defenses/development/attacks/sa_dp_eps2p0_C75_b32_K1024/20260728/frequency_estimation.json
sa_dp_eps2p0_C75_b32_K1024,sa_dp,2.0,75,32,1024,20260728,merge_similarity,0.5009765625,0.4906191920105127,0.5234375,0.0,0.0,results/final/defenses/development/attacks/sa_dp_eps2p0_C75_b32_K1024/20260728/merge_similarity.json
sa_dp_eps2p0_C75_b32_K1024,sa_dp,2.0,75,32,1024,20260728,naive_bayes,0.4281005859375,0.4558858012597011,0.5078125,0.0,0.0,results/final/defenses/development/attacks/sa_dp_eps2p0_C75_b32_K1024/20260728/naive_bayes.json
sa_dp_eps4p0_C75_b32_K1024,sa_dp,4.0,75,32,1024,20260726,compression_rate,0.496337890625,0.5284401813446112,0.5390625,0.03125,0.03125,results/final/defenses/development/attacks/sa_dp_eps4p0_C75_b32_K1024/20260726/compression_rate.json
sa_dp_eps4p0_C75_b32_K1024,sa_dp,4.0,75,32,1024,20260726,vocabulary_overlap,0.4853515625,0.49337410915301927,0.5625,0.0,0.0,results/final/defenses/development/attacks/sa_dp_eps4p0_C75_b32_K1024/20260726/vocabulary_overlap.json
sa_dp_eps4p0_C75_b32_K1024,sa_dp,4.0,75,32,1024,20260726,frequency_estimation,0.46826171875,0.46877799791257363,0.53125,0.0,0.0,results/final/defenses/development/attacks/sa_dp_eps4p0_C75_b32_K1024/20260726/frequency_estimation.json
sa_dp_eps4p0_C75_b32_K1024,sa_dp,4.0,75,32,1024,20260726,merge_similarity,0.509521484375,0.5056023279625182,0.5703125,0.0,0.0,results/final/defenses/development/attacks/sa_dp_eps4p0_C75_b32_K1024/20260726/merge_similarity.json
sa_dp_eps4p0_C75_b32_K1024,sa_dp,4.0,75,32,1024,20260726,naive_bayes,0.5234375,0.5074363487719117,0.546875,0.0,0.0,results/final/defenses/development/attacks/sa_dp_eps4p0_C75_b32_K1024/20260726/naive_bayes.json
sa_dp_eps4p0_C75_b32_K1024,sa_dp,4.0,75,32,1024,20260727,compression_rate,0.399658203125,0.4686008665937603,0.515625,0.015625,0.015625,results/final/defenses/development/attacks/sa_dp_eps4p0_C75_b32_K1024/20260727/compression_rate.json
sa_dp_eps4p0_C75_b32_K1024,sa_dp,4.0,75,32,1024,20260727,vocabulary_overlap,0.51611328125,0.4949617316585367,0.5703125,0.0,0.0,results/final/defenses/development/attacks/sa_dp_eps4p0_C75_b32_K1024/20260727/vocabulary_overlap.json
sa_dp_eps4p0_C75_b32_K1024,sa_dp,4.0,75,32,1024,20260727,frequency_estimation,0.5106201171875,0.500928278537994,0.546875,0.0,0.0,results/final/defenses/development/attacks/sa_dp_eps4p0_C75_b32_K1024/20260727/frequency_estimation.json
sa_dp_eps4p0_C75_b32_K1024,sa_dp,4.0,75,32,1024,20260727,merge_similarity,0.512939453125,0.49397785858384036,0.546875,0.0,0.0,results/final/defenses/development/attacks/sa_dp_eps4p0_C75_b32_K1024/20260727/merge_similarity.json
sa_dp_eps4p0_C75_b32_K1024,sa_dp,4.0,75,32,1024,20260727,naive_bayes,0.461181640625,0.47444040789125047,0.5390625,0.0,0.0,results/final/defenses/development/attacks/sa_dp_eps4p0_C75_b32_K1024/20260727/naive_bayes.json
sa_dp_eps4p0_C75_b32_K1024,sa_dp,4.0,75,32,1024,20260728,compression_rate,0.443359375,0.5005865186974967,0.5234375,0.03125,0.03125,results/final/defenses/development/attacks/sa_dp_eps4p0_C75_b32_K1024/20260728/compression_rate.json
sa_dp_eps4p0_C75_b32_K1024,sa_dp,4.0,75,32,1024,20260728,vocabulary_overlap,0.49267578125,0.48319131244846747,0.5390625,0.0,0.0,results/final/defenses/development/attacks/sa_dp_eps4p0_C75_b32_K1024/20260728/vocabulary_overlap.json
sa_dp_eps4p0_C75_b32_K1024,sa_dp,4.0,75,32,1024,20260728,frequency_estimation,0.4647216796875,0.46409300768573103,0.5234375,0.0,0.0,results/final/defenses/development/attacks/sa_dp_eps4p0_C75_b32_K1024/20260728/frequency_estimation.json
sa_dp_eps4p0_C75_b32_K1024,sa_dp,4.0,75,32,1024,20260728,merge_similarity,0.537109375,0.5426087340821368,0.5546875,0.0,0.0,results/final/defenses/development/attacks/sa_dp_eps4p0_C75_b32_K1024/20260728/merge_similarity.json
sa_dp_eps4p0_C75_b32_K1024,sa_dp,4.0,75,32,1024,20260728,naive_bayes,0.4139404296875,0.44505085505296593,0.5078125,0.0,0.0,results/final/defenses/development/attacks/sa_dp_eps4p0_C75_b32_K1024/20260728/naive_bayes.json
sa_dp_eps8p0_C75_b32_K1024,sa_dp,8.0,75,32,1024,20260726,compression_rate,0.494873046875,0.5169856408454483,0.546875,0.0,0.0,results/final/defenses/development/attacks/sa_dp_eps8p0_C75_b32_K1024/20260726/compression_rate.json
sa_dp_eps8p0_C75_b32_K1024,sa_dp,8.0,75,32,1024,20260726,vocabulary_overlap,0.516357421875,0.5182853403326011,0.578125,0.015625,0.015625,results/final/defenses/development/attacks/sa_dp_eps8p0_C75_b32_K1024/20260726/vocabulary_overlap.json
sa_dp_eps8p0_C75_b32_K1024,sa_dp,8.0,75,32,1024,20260726,frequency_estimation,0.4573974609375,0.4519243592577643,0.53125,0.0,0.0,results/final/defenses/development/attacks/sa_dp_eps8p0_C75_b32_K1024/20260726/frequency_estimation.json
sa_dp_eps8p0_C75_b32_K1024,sa_dp,8.0,75,32,1024,20260726,merge_similarity,0.499267578125,0.4963206521054367,0.546875,0.0,0.0,results/final/defenses/development/attacks/sa_dp_eps8p0_C75_b32_K1024/20260726/merge_similarity.json
sa_dp_eps8p0_C75_b32_K1024,sa_dp,8.0,75,32,1024,20260726,naive_bayes,0.5177001953125,0.49871179080635797,0.546875,0.0,0.0,results/final/defenses/development/attacks/sa_dp_eps8p0_C75_b32_K1024/20260726/naive_bayes.json
sa_dp_eps8p0_C75_b32_K1024,sa_dp,8.0,75,32,1024,20260727,compression_rate,0.39453125,0.45802212650537866,0.515625,0.0,0.0,results/final/defenses/development/attacks/sa_dp_eps8p0_C75_b32_K1024/20260727/compression_rate.json
sa_dp_eps8p0_C75_b32_K1024,sa_dp,8.0,75,32,1024,20260727,vocabulary_overlap,0.48681640625,0.473816784332312,0.5390625,0.0,0.0,results/final/defenses/development/attacks/sa_dp_eps8p0_C75_b32_K1024/20260727/vocabulary_overlap.json
sa_dp_eps8p0_C75_b32_K1024,sa_dp,8.0,75,32,1024,20260727,frequency_estimation,0.5059814453125,0.49222322460594764,0.5546875,0.0,0.0,results/final/defenses/development/attacks/sa_dp_eps8p0_C75_b32_K1024/20260727/frequency_estimation.json
sa_dp_eps8p0_C75_b32_K1024,sa_dp,8.0,75,32,1024,20260727,merge_similarity,0.499267578125,0.48746617907545575,0.5390625,0.0,0.0,results/final/defenses/development/attacks/sa_dp_eps8p0_C75_b32_K1024/20260727/merge_similarity.json
sa_dp_eps8p0_C75_b32_K1024,sa_dp,8.0,75,32,1024,20260727,naive_bayes,0.4541015625,0.46438912905462076,0.5390625,0.0,0.0,results/final/defenses/development/attacks/sa_dp_eps8p0_C75_b32_K1024/20260727/naive_bayes.json
sa_dp_eps8p0_C75_b32_K1024,sa_dp,8.0,75,32,1024,20260728,compression_rate,0.43994140625,0.5057213481928229,0.5390625,0.03125,0.03125,results/final/defenses/development/attacks/sa_dp_eps8p0_C75_b32_K1024/20260728/compression_rate.json
sa_dp_eps8p0_C75_b32_K1024,sa_dp,8.0,75,32,1024,20260728,vocabulary_overlap,0.49951171875,0.5015902084879198,0.5703125,0.015625,0.015625,results/final/defenses/development/attacks/sa_dp_eps8p0_C75_b32_K1024/20260728/vocabulary_overlap.json
sa_dp_eps8p0_C75_b32_K1024,sa_dp,8.0,75,32,1024,20260728,frequency_estimation,0.4345703125,0.45276633959211343,0.515625,0.0,0.0,results/final/defenses/development/attacks/sa_dp_eps8p0_C75_b32_K1024/20260728/frequency_estimation.json
sa_dp_eps8p0_C75_b32_K1024,sa_dp,8.0,75,32,1024,20260728,merge_similarity,0.5078125,0.4955199082844977,0.53125,0.0,0.0,results/final/defenses/development/attacks/sa_dp_eps8p0_C75_b32_K1024/20260728/merge_similarity.json
sa_dp_eps8p0_C75_b32_K1024,sa_dp,8.0,75,32,1024,20260728,naive_bayes,0.40771484375,0.4381102957158224,0.5078125,0.0,0.0,results/final/defenses/development/attacks/sa_dp_eps8p0_C75_b32_K1024/20260728/naive_bayes.json
sa_dp_eps16p0_C75_b32_K1024,sa_dp,16.0,75,32,1024,20260726,compression_rate,0.499755859375,0.5238918360402792,0.53125,0.015625,0.015625,results/final/defenses/development/attacks/sa_dp_eps16p0_C75_b32_K1024/20260726/compression_rate.json
sa_dp_eps16p0_C75_b32_K1024,sa_dp,16.0,75,32,1024,20260726,vocabulary_overlap,0.51611328125,0.5042679725635092,0.578125,0.0,0.0,results/final/defenses/development/attacks/sa_dp_eps16p0_C75_b32_K1024/20260726/vocabulary_overlap.json
sa_dp_eps16p0_C75_b32_K1024,sa_dp,16.0,75,32,1024,20260726,frequency_estimation,0.4710693359375,0.4917927564342638,0.53125,0.015625,0.015625,results/final/defenses/development/attacks/sa_dp_eps16p0_C75_b32_K1024/20260726/frequency_estimation.json
sa_dp_eps16p0_C75_b32_K1024,sa_dp,16.0,75,32,1024,20260726,merge_similarity,0.510009765625,0.5145990158406233,0.5546875,0.03125,0.03125,results/final/defenses/development/attacks/sa_dp_eps16p0_C75_b32_K1024/20260726/merge_similarity.json
sa_dp_eps16p0_C75_b32_K1024,sa_dp,16.0,75,32,1024,20260726,naive_bayes,0.529541015625,0.5100371792617775,0.5546875,0.0,0.0,results/final/defenses/development/attacks/sa_dp_eps16p0_C75_b32_K1024/20260726/naive_bayes.json
sa_dp_eps16p0_C75_b32_K1024,sa_dp,16.0,75,32,1024,20260727,compression_rate,0.41845703125,0.47842750570959547,0.53125,0.0,0.0,results/final/defenses/development/attacks/sa_dp_eps16p0_C75_b32_K1024/20260727/compression_rate.json
sa_dp_eps16p0_C75_b32_K1024,sa_dp,16.0,75,32,1024,20260727,vocabulary_overlap,0.509521484375,0.5305012992754747,0.5390625,0.015625,0.015625,results/final/defenses/development/attacks/sa_dp_eps16p0_C75_b32_K1024/20260727/vocabulary_overlap.json
sa_dp_eps16p0_C75_b32_K1024,sa_dp,16.0,75,32,1024,20260727,frequency_estimation,0.5074462890625,0.5013100920493279,0.5546875,0.0,0.0,results/final/defenses/development/attacks/sa_dp_eps16p0_C75_b32_K1024/20260727/frequency_estimation.json
sa_dp_eps16p0_C75_b32_K1024,sa_dp,16.0,75,32,1024,20260727,merge_similarity,0.513916015625,0.5723898412475483,0.5625,0.125,0.125,results/final/defenses/development/attacks/sa_dp_eps16p0_C75_b32_K1024/20260727/merge_similarity.json
sa_dp_eps16p0_C75_b32_K1024,sa_dp,16.0,75,32,1024,20260727,naive_bayes,0.458740234375,0.4670257677335764,0.5390625,0.0,0.0,results/final/defenses/development/attacks/sa_dp_eps16p0_C75_b32_K1024/20260727/naive_bayes.json
sa_dp_eps16p0_C75_b32_K1024,sa_dp,16.0,75,32,1024,20260728,compression_rate,0.43798828125,0.49450489987829815,0.5234375,0.03125,0.03125,results/final/defenses/development/attacks/sa_dp_eps16p0_C75_b32_K1024/20260728/compression_rate.json
sa_dp_eps16p0_C75_b32_K1024,sa_dp,16.0,75,32,1024,20260728,vocabulary_overlap,0.49755859375,0.5034277828811088,0.5546875,0.015625,0.015625,results/final/defenses/development/attacks/sa_dp_eps16p0_C75_b32_K1024/20260728/vocabulary_overlap.json
sa_dp_eps16p0_C75_b32_K1024,sa_dp,16.0,75,32,1024,20260728,frequency_estimation,0.4649658203125,0.4622114911457321,0.546875,0.0,0.0,results/final/defenses/development/attacks/sa_dp_eps16p0_C75_b32_K1024/20260728/frequency_estimation.json
sa_dp_eps16p0_C75_b32_K1024,sa_dp,16.0,75,32,1024,20260728,merge_similarity,0.525146484375,0.5089437880217862,0.578125,0.0,0.0,results/final/defenses/development/attacks/sa_dp_eps16p0_C75_b32_K1024/20260728/merge_similarity.json
sa_dp_eps16p0_C75_b32_K1024,sa_dp,16.0,75,32,1024,20260728,naive_bayes,0.41943359375,0.4494289368983596,0.5078125,0.0,0.0,results/final/defenses/development/attacks/sa_dp_eps16p0_C75_b32_K1024/20260728/naive_bayes.json
sa_dp_eps4p0_C50_b32_K1024,sa_dp,4.0,50,32,1024,20260726,compression_rate,0.494873046875,0.5169856408454483,0.546875,0.0,0.0,results/final/defenses/development/attacks/sa_dp_eps4p0_C50_b32_K1024/20260726/compression_rate.json
sa_dp_eps4p0_C50_b32_K1024,sa_dp,4.0,50,32,1024,20260726,vocabulary_overlap,0.516357421875,0.5182853403326011,0.578125,0.015625,0.015625,results/final/defenses/development/attacks/sa_dp_eps4p0_C50_b32_K1024/20260726/vocabulary_overlap.json
sa_dp_eps4p0_C50_b32_K1024,sa_dp,4.0,50,32,1024,20260726,frequency_estimation,0.4573974609375,0.4519243592577643,0.53125,0.0,0.0,results/final/defenses/development/attacks/sa_dp_eps4p0_C50_b32_K1024/20260726/frequency_estimation.json
sa_dp_eps4p0_C50_b32_K1024,sa_dp,4.0,50,32,1024,20260726,merge_similarity,0.499267578125,0.4963206521054367,0.546875,0.0,0.0,results/final/defenses/development/attacks/sa_dp_eps4p0_C50_b32_K1024/20260726/merge_similarity.json
sa_dp_eps4p0_C50_b32_K1024,sa_dp,4.0,50,32,1024,20260726,naive_bayes,0.5177001953125,0.49871179080635797,0.546875,0.0,0.0,results/final/defenses/development/attacks/sa_dp_eps4p0_C50_b32_K1024/20260726/naive_bayes.json
sa_dp_eps4p0_C50_b32_K1024,sa_dp,4.0,50,32,1024,20260727,compression_rate,0.39453125,0.45802212650537866,0.515625,0.0,0.0,results/final/defenses/development/attacks/sa_dp_eps4p0_C50_b32_K1024/20260727/compression_rate.json
sa_dp_eps4p0_C50_b32_K1024,sa_dp,4.0,50,32,1024,20260727,vocabulary_overlap,0.48681640625,0.473816784332312,0.5390625,0.0,0.0,results/final/defenses/development/attacks/sa_dp_eps4p0_C50_b32_K1024/20260727/vocabulary_overlap.json
sa_dp_eps4p0_C50_b32_K1024,sa_dp,4.0,50,32,1024,20260727,frequency_estimation,0.5059814453125,0.49222322460594764,0.5546875,0.0,0.0,results/final/defenses/development/attacks/sa_dp_eps4p0_C50_b32_K1024/20260727/frequency_estimation.json
sa_dp_eps4p0_C50_b32_K1024,sa_dp,4.0,50,32,1024,20260727,merge_similarity,0.499267578125,0.48746617907545575,0.5390625,0.0,0.0,results/final/defenses/development/attacks/sa_dp_eps4p0_C50_b32_K1024/20260727/merge_similarity.json
sa_dp_eps4p0_C50_b32_K1024,sa_dp,4.0,50,32,1024,20260727,naive_bayes,0.4541015625,0.46438912905462076,0.5390625,0.0,0.0,results/final/defenses/development/attacks/sa_dp_eps4p0_C50_b32_K1024/20260727/naive_bayes.json
sa_dp_eps4p0_C50_b32_K1024,sa_dp,4.0,50,32,1024,20260728,compression_rate,0.443359375,0.5005865186974967,0.5234375,0.03125,0.03125,results/final/defenses/development/attacks/sa_dp_eps4p0_C50_b32_K1024/20260728/compression_rate.json
sa_dp_eps4p0_C50_b32_K1024,sa_dp,4.0,50,32,1024,20260728,vocabulary_overlap,0.49267578125,0.48319131244846747,0.5390625,0.0,0.0,results/final/defenses/development/attacks/sa_dp_eps4p0_C50_b32_K1024/20260728/vocabulary_overlap.json
sa_dp_eps4p0_C50_b32_K1024,sa_dp,4.0,50,32,1024,20260728,frequency_estimation,0.4647216796875,0.46409300768573103,0.5234375,0.0,0.0,results/final/defenses/development/attacks/sa_dp_eps4p0_C50_b32_K1024/20260728/frequency_estimation.json
sa_dp_eps4p0_C50_b32_K1024,sa_dp,4.0,50,32,1024,20260728,merge_similarity,0.536865234375,0.5423858549530077,0.5546875,0.0,0.0,results/final/defenses/development/attacks/sa_dp_eps4p0_C50_b32_K1024/20260728/merge_similarity.json
sa_dp_eps4p0_C50_b32_K1024,sa_dp,4.0,50,32,1024,20260728,naive_bayes,0.4139404296875,0.44505085505296593,0.5078125,0.0,0.0,results/final/defenses/development/attacks/sa_dp_eps4p0_C50_b32_K1024/20260728/naive_bayes.json
sa_dp_eps4p0_C90_b32_K1024,sa_dp,4.0,90,32,1024,20260726,compression_rate,0.496337890625,0.5284401813446112,0.5390625,0.03125,0.03125,results/final/defenses/development/attacks/sa_dp_eps4p0_C90_b32_K1024/20260726/compression_rate.json
sa_dp_eps4p0_C90_b32_K1024,sa_dp,4.0,90,32,1024,20260726,vocabulary_overlap,0.4853515625,0.49337410915301927,0.5625,0.0,0.0,results/final/defenses/development/attacks/sa_dp_eps4p0_C90_b32_K1024/20260726/vocabulary_overlap.json
sa_dp_eps4p0_C90_b32_K1024,sa_dp,4.0,90,32,1024,20260726,frequency_estimation,0.46826171875,0.46877799791257363,0.53125,0.0,0.0,results/final/defenses/development/attacks/sa_dp_eps4p0_C90_b32_K1024/20260726/frequency_estimation.json
sa_dp_eps4p0_C90_b32_K1024,sa_dp,4.0,90,32,1024,20260726,merge_similarity,0.509521484375,0.5056023279625182,0.5703125,0.0,0.0,results/final/defenses/development/attacks/sa_dp_eps4p0_C90_b32_K1024/20260726/merge_similarity.json
sa_dp_eps4p0_C90_b32_K1024,sa_dp,4.0,90,32,1024,20260726,naive_bayes,0.5234375,0.5074363487719117,0.546875,0.0,0.0,results/final/defenses/development/attacks/sa_dp_eps4p0_C90_b32_K1024/20260726/naive_bayes.json
sa_dp_eps4p0_C90_b32_K1024,sa_dp,4.0,90,32,1024,20260727,compression_rate,0.40673828125,0.4745696061895537,0.515625,0.015625,0.015625,results/final/defenses/development/attacks/sa_dp_eps4p0_C90_b32_K1024/20260727/compression_rate.json
sa_dp_eps4p0_C90_b32_K1024,sa_dp,4.0,90,32,1024,20260727,vocabulary_overlap,0.49560546875,0.48413208933905805,0.5546875,0.0,0.0,results/final/defenses/development/attacks/sa_dp_eps4p0_C90_b32_K1024/20260727/vocabulary_overlap.json
sa_dp_eps4p0_C90_b32_K1024,sa_dp,4.0,90,32,1024,20260727,frequency_estimation,0.5157470703125,0.5293289036305509,0.5390625,0.015625,0.015625,results/final/defenses/development/attacks/sa_dp_eps4p0_C90_b32_K1024/20260727/frequency_estimation.json
sa_dp_eps4p0_C90_b32_K1024,sa_dp,4.0,90,32,1024,20260727,merge_similarity,0.49560546875,0.49668723465986214,0.5390625,0.0,0.0,results/final/defenses/development/attacks/sa_dp_eps4p0_C90_b32_K1024/20260727/merge_similarity.json
sa_dp_eps4p0_C90_b32_K1024,sa_dp,4.0,90,32,1024,20260727,naive_bayes,0.48193359375,0.49950350577818686,0.5546875,0.0,0.0,results/final/defenses/development/attacks/sa_dp_eps4p0_C90_b32_K1024/20260727/naive_bayes.json
sa_dp_eps4p0_C90_b32_K1024,sa_dp,4.0,90,32,1024,20260728,compression_rate,0.44873046875,0.5031625008873488,0.53125,0.015625,0.015625,results/final/defenses/development/attacks/sa_dp_eps4p0_C90_b32_K1024/20260728/compression_rate.json
sa_dp_eps4p0_C90_b32_K1024,sa_dp,4.0,90,32,1024,20260728,vocabulary_overlap,0.486572265625,0.48992933190544663,0.5390625,0.015625,0.015625,results/final/defenses/development/attacks/sa_dp_eps4p0_C90_b32_K1024/20260728/vocabulary_overlap.json
sa_dp_eps4p0_C90_b32_K1024,sa_dp,4.0,90,32,1024,20260728,frequency_estimation,0.5406494140625,0.5103409185943532,0.5703125,0.0,0.0,results/final/defenses/development/attacks/sa_dp_eps4p0_C90_b32_K1024/20260728/frequency_estimation.json
sa_dp_eps4p0_C90_b32_K1024,sa_dp,4.0,90,32,1024,20260728,merge_similarity,0.5009765625,0.4906191920105127,0.5234375,0.0,0.0,results/final/defenses/development/attacks/sa_dp_eps4p0_C90_b32_K1024/20260728/merge_similarity.json
sa_dp_eps4p0_C90_b32_K1024,sa_dp,4.0,90,32,1024,20260728,naive_bayes,0.4281005859375,0.4558858012597011,0.5078125,0.0,0.0,results/final/defenses/development/attacks/sa_dp_eps4p0_C90_b32_K1024/20260728/naive_bayes.json
sa_dp_eps4p0_C75_b1_K1024,sa_dp,4.0,75,1,1024,20260726,compression_rate,0.496826171875,0.5175737870632549,0.5390625,0.03125,0.03125,results/final/defenses/development/attacks/sa_dp_eps4p0_C75_b1_K1024/20260726/compression_rate.json
sa_dp_eps4p0_C75_b1_K1024,sa_dp,4.0,75,1,1024,20260726,vocabulary_overlap,0.533935546875,0.5044817731690833,0.5859375,0.0,0.0,results/final/defenses/development/attacks/sa_dp_eps4p0_C75_b1_K1024/20260726/vocabulary_overlap.json
sa_dp_eps4p0_C75_b1_K1024,sa_dp,4.0,75,1,1024,20260726,frequency_estimation,0.4547119140625,0.4698880263596139,0.515625,0.015625,0.015625,results/final/defenses/development/attacks/sa_dp_eps4p0_C75_b1_K1024/20260726/frequency_estimation.json
sa_dp_eps4p0_C75_b1_K1024,sa_dp,4.0,75,1,1024,20260726,merge_similarity,0.55615234375,0.5479346568476495,0.6015625,0.015625,0.015625,results/final/defenses/development/attacks/sa_dp_eps4p0_C75_b1_K1024/20260726/merge_similarity.json
sa_dp_eps4p0_C75_b1_K1024,sa_dp,4.0,75,1,1024,20260726,naive_bayes,0.525146484375,0.5080038073073074,0.546875,0.0,0.0,results/final/defenses/development/attacks/sa_dp_eps4p0_C75_b1_K1024/20260726/naive_bayes.json
sa_dp_eps4p0_C75_b1_K1024,sa_dp,4.0,75,1,1024,20260727,compression_rate,0.406494140625,0.46374933270645924,0.5078125,0.0,0.0,results/final/defenses/development/attacks/sa_dp_eps4p0_C75_b1_K1024/20260727/compression_rate.json
sa_dp_eps4p0_C75_b1_K1024,sa_dp,4.0,75,1,1024,20260727,vocabulary_overlap,0.46630859375,0.47648738031068405,0.515625,0.015625,0.015625,results/final/defenses/development/attacks/sa_dp_eps4p0_C75_b1_K1024/20260727/vocabulary_overlap.json
sa_dp_eps4p0_C75_b1_K1024,sa_dp,4.0,75,1,1024,20260727,frequency_estimation,0.5072021484375,0.5123717091161719,0.5546875,0.015625,0.015625,results/final/defenses/development/attacks/sa_dp_eps4p0_C75_b1_K1024/20260727/frequency_estimation.json
sa_dp_eps4p0_C75_b1_K1024,sa_dp,4.0,75,1,1024,20260727,merge_similarity,0.58935546875,0.5749173484421489,0.5859375,0.015625,0.015625,results/final/defenses/development/attacks/sa_dp_eps4p0_C75_b1_K1024/20260727/merge_similarity.json
sa_dp_eps4p0_C75_b1_K1024,sa_dp,4.0,75,1,1024,20260727,naive_bayes,0.47607421875,0.4888410980523744,0.546875,0.0,0.0,results/final/defenses/development/attacks/sa_dp_eps4p0_C75_b1_K1024/20260727/naive_bayes.json
sa_dp_eps4p0_C75_b1_K1024,sa_dp,4.0,75,1,1024,20260728,compression_rate,0.419189453125,0.49353323793971493,0.5234375,0.046875,0.046875,results/final/defenses/development/attacks/sa_dp_eps4p0_C75_b1_K1024/20260728/compression_rate.json
sa_dp_eps4p0_C75_b1_K1024,sa_dp,4.0,75,1,1024,20260728,vocabulary_overlap,0.551513671875,0.5579153357806448,0.59375,0.015625,0.015625,results/final/defenses/development/attacks/sa_dp_eps4p0_C75_b1_K1024/20260728/vocabulary_overlap.json
sa_dp_eps4p0_C75_b1_K1024,sa_dp,4.0,75,1,1024,20260728,frequency_estimation,0.496337890625,0.5263648047572556,0.5390625,0.03125,0.03125,results/final/defenses/development/attacks/sa_dp_eps4p0_C75_b1_K1024/20260728/frequency_estimation.json
sa_dp_eps4p0_C75_b1_K1024,sa_dp,4.0,75,1,1024,20260728,merge_similarity,0.554443359375,0.5318167696092726,0.5859375,0.0,0.0,results/final/defenses/development/attacks/sa_dp_eps4p0_C75_b1_K1024/20260728/merge_similarity.json
sa_dp_eps4p0_C75_b1_K1024,sa_dp,4.0,75,1,1024,20260728,naive_bayes,0.450927734375,0.49787348633562345,0.53125,0.0,0.0,results/final/defenses/development/attacks/sa_dp_eps4p0_C75_b1_K1024/20260728/naive_bayes.json
sa_dp_eps4p0_C75_b8_K1024,sa_dp,4.0,75,8,1024,20260726,compression_rate,0.495849609375,0.5160685752988151,0.5390625,0.015625,0.015625,results/final/defenses/development/attacks/sa_dp_eps4p0_C75_b8_K1024/20260726/compression_rate.json
sa_dp_eps4p0_C75_b8_K1024,sa_dp,4.0,75,8,1024,20260726,vocabulary_overlap,0.494384765625,0.504728613892969,0.5390625,0.0,0.0,results/final/defenses/development/attacks/sa_dp_eps4p0_C75_b8_K1024/20260726/vocabulary_overlap.json
sa_dp_eps4p0_C75_b8_K1024,sa_dp,4.0,75,8,1024,20260726,frequency_estimation,0.4351806640625,0.4504095228001895,0.5078125,0.0,0.0,results/final/defenses/development/attacks/sa_dp_eps4p0_C75_b8_K1024/20260726/frequency_estimation.json
sa_dp_eps4p0_C75_b8_K1024,sa_dp,4.0,75,8,1024,20260726,merge_similarity,0.557373046875,0.5916059074887534,0.6015625,0.03125,0.03125,results/final/defenses/development/attacks/sa_dp_eps4p0_C75_b8_K1024/20260726/merge_similarity.json
sa_dp_eps4p0_C75_b8_K1024,sa_dp,4.0,75,8,1024,20260726,naive_bayes,0.5177001953125,0.499345794742516,0.546875,0.0,0.0,results/final/defenses/development/attacks/sa_dp_eps4p0_C75_b8_K1024/20260726/naive_bayes.json
sa_dp_eps4p0_C75_b8_K1024,sa_dp,4.0,75,8,1024,20260727,compression_rate,0.406982421875,0.46599998651967783,0.515625,0.0,0.0,results/final/defenses/development/attacks/sa_dp_eps4p0_C75_b8_K1024/20260727/compression_rate.json
sa_dp_eps4p0_C75_b8_K1024,sa_dp,4.0,75,8,1024,20260727,vocabulary_overlap,0.470947265625,0.4773757402126999,0.53125,0.015625,0.015625,results/final/defenses/development/attacks/sa_dp_eps4p0_C75_b8_K1024/20260727/vocabulary_overlap.json
sa_dp_eps4p0_C75_b8_K1024,sa_dp,4.0,75,8,1024,20260727,frequency_estimation,0.5313720703125,0.5413019869059205,0.546875,0.03125,0.03125,results/final/defenses/development/attacks/sa_dp_eps4p0_C75_b8_K1024/20260727/frequency_estimation.json
sa_dp_eps4p0_C75_b8_K1024,sa_dp,4.0,75,8,1024,20260727,merge_similarity,0.54541015625,0.5707146759883684,0.5546875,0.03125,0.03125,results/final/defenses/development/attacks/sa_dp_eps4p0_C75_b8_K1024/20260727/merge_similarity.json
sa_dp_eps4p0_C75_b8_K1024,sa_dp,4.0,75,8,1024,20260727,naive_bayes,0.478515625,0.4989021921938102,0.5546875,0.0,0.0,results/final/defenses/development/attacks/sa_dp_eps4p0_C75_b8_K1024/20260727/naive_bayes.json
sa_dp_eps4p0_C75_b8_K1024,sa_dp,4.0,75,8,1024,20260728,compression_rate,0.444580078125,0.5126042748771154,0.546875,0.015625,0.015625,results/final/defenses/development/attacks/sa_dp_eps4p0_C75_b8_K1024/20260728/compression_rate.json
sa_dp_eps4p0_C75_b8_K1024,sa_dp,4.0,75,8,1024,20260728,vocabulary_overlap,0.49853515625,0.5284509044649275,0.53125,0.015625,0.015625,results/final/defenses/development/attacks/sa_dp_eps4p0_C75_b8_K1024/20260728/vocabulary_overlap.json
sa_dp_eps4p0_C75_b8_K1024,sa_dp,4.0,75,8,1024,20260728,frequency_estimation,0.48828125,0.4935272630665958,0.53125,0.0,0.0,results/final/defenses/development/attacks/sa_dp_eps4p0_C75_b8_K1024/20260728/frequency_estimation.json
sa_dp_eps4p0_C75_b8_K1024,sa_dp,4.0,75,8,1024,20260728,merge_similarity,0.455810546875,0.4658912923703923,0.5390625,0.0,0.0,results/final/defenses/development/attacks/sa_dp_eps4p0_C75_b8_K1024/20260728/merge_similarity.json
sa_dp_eps4p0_C75_b8_K1024,sa_dp,4.0,75,8,1024,20260728,naive_bayes,0.42431640625,0.4578134969063581,0.5078125,0.0,0.0,results/final/defenses/development/attacks/sa_dp_eps4p0_C75_b8_K1024/20260728/naive_bayes.json
sa_dp_eps4p0_C75_b64_K1024,sa_dp,4.0,75,64,1024,20260726,compression_rate,0.508056640625,0.5205696465662171,0.5390625,0.0,0.0,results/final/defenses/development/attacks/sa_dp_eps4p0_C75_b64_K1024/20260726/compression_rate.json
sa_dp_eps4p0_C75_b64_K1024,sa_dp,4.0,75,64,1024,20260726,vocabulary_overlap,0.5087890625,0.5078356882295808,0.5625,0.015625,0.015625,results/final/defenses/development/attacks/sa_dp_eps4p0_C75_b64_K1024/20260726/vocabulary_overlap.json
sa_dp_eps4p0_C75_b64_K1024,sa_dp,4.0,75,64,1024,20260726,frequency_estimation,0.4737548828125,0.47580650254450946,0.5234375,0.0,0.0,results/final/defenses/development/attacks/sa_dp_eps4p0_C75_b64_K1024/20260726/frequency_estimation.json
sa_dp_eps4p0_C75_b64_K1024,sa_dp,4.0,75,64,1024,20260726,merge_similarity,0.537841796875,0.5359283471219336,0.5703125,0.0,0.0,results/final/defenses/development/attacks/sa_dp_eps4p0_C75_b64_K1024/20260726/merge_similarity.json
sa_dp_eps4p0_C75_b64_K1024,sa_dp,4.0,75,64,1024,20260726,naive_bayes,0.523193359375,0.5094268896054243,0.5546875,0.0,0.0,results/final/defenses/development/attacks/sa_dp_eps4p0_C75_b64_K1024/20260726/naive_bayes.json
sa_dp_eps4p0_C75_b64_K1024,sa_dp,4.0,75,64,1024,20260727,compression_rate,0.4130859375,0.4919783456224681,0.5234375,0.03125,0.03125,results/final/defenses/development/attacks/sa_dp_eps4p0_C75_b64_K1024/20260727/compression_rate.json
sa_dp_eps4p0_C75_b64_K1024,sa_dp,4.0,75,64,1024,20260727,vocabulary_overlap,0.49853515625,0.5040228291920572,0.5390625,0.0,0.0,results/final/defenses/development/attacks/sa_dp_eps4p0_C75_b64_K1024/20260727/vocabulary_overlap.json
sa_dp_eps4p0_C75_b64_K1024,sa_dp,4.0,75,64,1024,20260727,frequency_estimation,0.5404052734375,0.5751530405764107,0.5703125,0.0625,0.0625,results/final/defenses/development/attacks/sa_dp_eps4p0_C75_b64_K1024/20260727/frequency_estimation.json
sa_dp_eps4p0_C75_b64_K1024,sa_dp,4.0,75,64,1024,20260727,merge_similarity,0.532958984375,0.5717165062951715,0.5546875,0.03125,0.03125,results/final/defenses/development/attacks/sa_dp_eps4p0_C75_b64_K1024/20260727/merge_similarity.json
sa_dp_eps4p0_C75_b64_K1024,sa_dp,4.0,75,64,1024,20260727,naive_bayes,0.48095703125,0.49982648505264504,0.5546875,0.0,0.0,results/final/defenses/development/attacks/sa_dp_eps4p0_C75_b64_K1024/20260727/naive_bayes.json
sa_dp_eps4p0_C75_b64_K1024,sa_dp,4.0,75,64,1024,20260728,compression_rate,0.410400390625,0.47059274220510633,0.515625,0.03125,0.03125,results/final/defenses/development/attacks/sa_dp_eps4p0_C75_b64_K1024/20260728/compression_rate.json
sa_dp_eps4p0_C75_b64_K1024,sa_dp,4.0,75,64,1024,20260728,vocabulary_overlap,0.501708984375,0.5217064036119533,0.5546875,0.015625,0.015625,results/final/defenses/development/attacks/sa_dp_eps4p0_C75_b64_K1024/20260728/vocabulary_overlap.json
sa_dp_eps4p0_C75_b64_K1024,sa_dp,4.0,75,64,1024,20260728,frequency_estimation,0.4493408203125,0.4654599746143643,0.515625,0.0,0.0,results/final/defenses/development/attacks/sa_dp_eps4p0_C75_b64_K1024/20260728/frequency_estimation.json
sa_dp_eps4p0_C75_b64_K1024,sa_dp,4.0,75,64,1024,20260728,merge_similarity,0.541015625,0.5404833347502167,0.5625,0.015625,0.015625,results/final/defenses/development/attacks/sa_dp_eps4p0_C75_b64_K1024/20260728/merge_similarity.json
sa_dp_eps4p0_C75_b64_K1024,sa_dp,4.0,75,64,1024,20260728,naive_bayes,0.4205322265625,0.45133396250330376,0.5078125,0.0,0.0,results/final/defenses/development/attacks/sa_dp_eps4p0_C75_b64_K1024/20260728/naive_bayes.json
sa_dp_eps4p0_C75_b32_K512,sa_dp,4.0,75,32,512,20260726,compression_rate,0.4951171875,0.5175427384090323,0.546875,0.015625,0.015625,results/final/defenses/development/attacks/sa_dp_eps4p0_C75_b32_K512/20260726/compression_rate.json
sa_dp_eps4p0_C75_b32_K512,sa_dp,4.0,75,32,512,20260726,vocabulary_overlap,0.508056640625,0.5262232181272739,0.59375,0.0,0.0,results/final/defenses/development/attacks/sa_dp_eps4p0_C75_b32_K512/20260726/vocabulary_overlap.json
sa_dp_eps4p0_C75_b32_K512,sa_dp,4.0,75,32,512,20260726,frequency_estimation,0.4759521484375,0.484015420122609,0.5234375,0.0,0.0,results/final/defenses/development/attacks/sa_dp_eps4p0_C75_b32_K512/20260726/frequency_estimation.json
sa_dp_eps4p0_C75_b32_K512,sa_dp,4.0,75,32,512,20260726,merge_similarity,0.452880859375,0.474776341522414,0.5234375,0.0,0.0,results/final/defenses/development/attacks/sa_dp_eps4p0_C75_b32_K512/20260726/merge_similarity.json
sa_dp_eps4p0_C75_b32_K512,sa_dp,4.0,75,32,512,20260726,naive_bayes,0.522216796875,0.5070503957706982,0.546875,0.0,0.0,results/final/defenses/development/attacks/sa_dp_eps4p0_C75_b32_K512/20260726/naive_bayes.json
sa_dp_eps4p0_C75_b32_K512,sa_dp,4.0,75,32,512,20260727,compression_rate,0.41015625,0.47612829616211394,0.515625,0.015625,0.015625,results/final/defenses/development/attacks/sa_dp_eps4p0_C75_b32_K512/20260727/compression_rate.json
sa_dp_eps4p0_C75_b32_K512,sa_dp,4.0,75,32,512,20260727,vocabulary_overlap,0.51220703125,0.5247585772706485,0.5546875,0.015625,0.015625,results/final/defenses/development/attacks/sa_dp_eps4p0_C75_b32_K512/20260727/vocabulary_overlap.json
sa_dp_eps4p0_C75_b32_K512,sa_dp,4.0,75,32,512,20260727,frequency_estimation,0.515625,0.5125583570287151,0.5703125,0.0,0.0,results/final/defenses/development/attacks/sa_dp_eps4p0_C75_b32_K512/20260727/frequency_estimation.json
sa_dp_eps4p0_C75_b32_K512,sa_dp,4.0,75,32,512,20260727,merge_similarity,0.5439453125,0.5574816101400653,0.5703125,0.03125,0.03125,results/final/defenses/development/attacks/sa_dp_eps4p0_C75_b32_K512/20260727/merge_similarity.json
sa_dp_eps4p0_C75_b32_K512,sa_dp,4.0,75,32,512,20260727,naive_bayes,0.4794921875,0.49769291382279846,0.546875,0.0,0.0,results/final/defenses/development/attacks/sa_dp_eps4p0_C75_b32_K512/20260727/naive_bayes.json
sa_dp_eps4p0_C75_b32_K512,sa_dp,4.0,75,32,512,20260728,compression_rate,0.435302734375,0.4964969831871404,0.5390625,0.015625,0.015625,results/final/defenses/development/attacks/sa_dp_eps4p0_C75_b32_K512/20260728/compression_rate.json
sa_dp_eps4p0_C75_b32_K512,sa_dp,4.0,75,32,512,20260728,vocabulary_overlap,0.501708984375,0.5196389067591047,0.546875,0.015625,0.015625,results/final/defenses/development/attacks/sa_dp_eps4p0_C75_b32_K512/20260728/vocabulary_overlap.json
sa_dp_eps4p0_C75_b32_K512,sa_dp,4.0,75,32,512,20260728,frequency_estimation,0.4759521484375,0.4834904142009964,0.515625,0.0,0.0,results/final/defenses/development/attacks/sa_dp_eps4p0_C75_b32_K512/20260728/frequency_estimation.json
sa_dp_eps4p0_C75_b32_K512,sa_dp,4.0,75,32,512,20260728,merge_similarity,0.470458984375,0.46354437743076904,0.5390625,0.0,0.0,results/final/defenses/development/attacks/sa_dp_eps4p0_C75_b32_K512/20260728/merge_similarity.json
sa_dp_eps4p0_C75_b32_K512,sa_dp,4.0,75,32,512,20260728,naive_bayes,0.432373046875,0.463495129884027,0.5078125,0.0,0.0,results/final/defenses/development/attacks/sa_dp_eps4p0_C75_b32_K512/20260728/naive_bayes.json
sa_dp_eps4p0_C75_b32_K2048,sa_dp,4.0,75,32,2048,20260726,compression_rate,0.490234375,0.5288892794386699,0.546875,0.046875,0.046875,results/final/defenses/development/attacks/sa_dp_eps4p0_C75_b32_K2048/20260726/compression_rate.json
sa_dp_eps4p0_C75_b32_K2048,sa_dp,4.0,75,32,2048,20260726,vocabulary_overlap,0.5166015625,0.5142747851395664,0.546875,0.0,0.0,results/final/defenses/development/attacks/sa_dp_eps4p0_C75_b32_K2048/20260726/vocabulary_overlap.json
sa_dp_eps4p0_C75_b32_K2048,sa_dp,4.0,75,32,2048,20260726,frequency_estimation,0.437255859375,0.45901508715282757,0.5234375,0.0,0.0,results/final/defenses/development/attacks/sa_dp_eps4p0_C75_b32_K2048/20260726/frequency_estimation.json
sa_dp_eps4p0_C75_b32_K2048,sa_dp,4.0,75,32,2048,20260726,merge_similarity,0.4990234375,0.4797244619550588,0.5390625,0.0,0.0,results/final/defenses/development/attacks/sa_dp_eps4p0_C75_b32_K2048/20260726/merge_similarity.json
sa_dp_eps4p0_C75_b32_K2048,sa_dp,4.0,75,32,2048,20260726,naive_bayes,0.4833984375,0.4688078140329949,0.53125,0.0,0.0,results/final/defenses/development/attacks/sa_dp_eps4p0_C75_b32_K2048/20260726/naive_bayes.json
sa_dp_eps4p0_C75_b32_K2048,sa_dp,4.0,75,32,2048,20260727,compression_rate,0.418212890625,0.45826555529235063,0.5,0.0,0.0,results/final/defenses/development/attacks/sa_dp_eps4p0_C75_b32_K2048/20260727/compression_rate.json
sa_dp_eps4p0_C75_b32_K2048,sa_dp,4.0,75,32,2048,20260727,vocabulary_overlap,0.44482421875,0.48278473525221144,0.53125,0.0,0.0,results/final/defenses/development/attacks/sa_dp_eps4p0_C75_b32_K2048/20260727/vocabulary_overlap.json
sa_dp_eps4p0_C75_b32_K2048,sa_dp,4.0,75,32,2048,20260727,frequency_estimation,0.4576416015625,0.4822907000415769,0.515625,0.015625,0.015625,results/final/defenses/development/attacks/sa_dp_eps4p0_C75_b32_K2048/20260727/frequency_estimation.json
sa_dp_eps4p0_C75_b32_K2048,sa_dp,4.0,75,32,2048,20260727,merge_similarity,0.5888671875,0.5881190206199582,0.5859375,0.03125,0.03125,results/final/defenses/development/attacks/sa_dp_eps4p0_C75_b32_K2048/20260727/merge_similarity.json
sa_dp_eps4p0_C75_b32_K2048,sa_dp,4.0,75,32,2048,20260727,naive_bayes,0.452392578125,0.4614746589528249,0.5234375,0.0,0.0,results/final/defenses/development/attacks/sa_dp_eps4p0_C75_b32_K2048/20260727/naive_bayes.json
sa_dp_eps4p0_C75_b32_K2048,sa_dp,4.0,75,32,2048,20260728,compression_rate,0.44873046875,0.5242315431329096,0.546875,0.015625,0.015625,results/final/defenses/development/attacks/sa_dp_eps4p0_C75_b32_K2048/20260728/compression_rate.json
sa_dp_eps4p0_C75_b32_K2048,sa_dp,4.0,75,32,2048,20260728,vocabulary_overlap,0.511962890625,0.5041261130449951,0.5390625,0.0,0.0,results/final/defenses/development/attacks/sa_dp_eps4p0_C75_b32_K2048/20260728/vocabulary_overlap.json
sa_dp_eps4p0_C75_b32_K2048,sa_dp,4.0,75,32,2048,20260728,frequency_estimation,0.5013427734375,0.5020400215254006,0.5234375,0.0,0.0,results/final/defenses/development/attacks/sa_dp_eps4p0_C75_b32_K2048/20260728/frequency_estimation.json
sa_dp_eps4p0_C75_b32_K2048,sa_dp,4.0,75,32,2048,20260728,merge_similarity,0.509033203125,0.5005410815501377,0.5390625,0.0,0.0,results/final/defenses/development/attacks/sa_dp_eps4p0_C75_b32_K2048/20260728/merge_similarity.json
sa_dp_eps4p0_C75_b32_K2048,sa_dp,4.0,75,32,2048,20260728,naive_bayes,0.4560546875,0.48702496031106157,0.515625,0.0,0.0,results/final/defenses/development/attacks/sa_dp_eps4p0_C75_b32_K2048/20260728/naive_bayes.json
sa_dp_eps4p0_C75_b32_K4096,sa_dp,4.0,75,32,4096,20260726,compression_rate,0.440185546875,0.49503448750623086,0.5234375,0.03125,0.03125,results/final/defenses/development/attacks/sa_dp_eps4p0_C75_b32_K4096/20260726/compression_rate.json
sa_dp_eps4p0_C75_b32_K4096,sa_dp,4.0,75,32,4096,20260726,vocabulary_overlap,0.545654296875,0.5238892082907453,0.5703125,0.0,0.0,results/final/defenses/development/attacks/sa_dp_eps4p0_C75_b32_K4096/20260726/vocabulary_overlap.json
sa_dp_eps4p0_C75_b32_K4096,sa_dp,4.0,75,32,4096,20260726,frequency_estimation,0.4730224609375,0.4897131639856755,0.5234375,0.0,0.0,results/final/defenses/development/attacks/sa_dp_eps4p0_C75_b32_K4096/20260726/frequency_estimation.json
sa_dp_eps4p0_C75_b32_K4096,sa_dp,4.0,75,32,4096,20260726,merge_similarity,0.503173828125,0.5042721876159978,0.546875,0.015625,0.015625,results/final/defenses/development/attacks/sa_dp_eps4p0_C75_b32_K4096/20260726/merge_similarity.json
sa_dp_eps4p0_C75_b32_K4096,sa_dp,4.0,75,32,4096,20260726,naive_bayes,0.4979248046875,0.4844992060864065,0.546875,0.0,0.0,results/final/defenses/development/attacks/sa_dp_eps4p0_C75_b32_K4096/20260726/naive_bayes.json
sa_dp_eps4p0_C75_b32_K4096,sa_dp,4.0,75,32,4096,20260727,compression_rate,0.444091796875,0.4780055901101824,0.5234375,0.0,0.0,results/final/defenses/development/attacks/sa_dp_eps4p0_C75_b32_K4096/20260727/compression_rate.json
sa_dp_eps4p0_C75_b32_K4096,sa_dp,4.0,75,32,4096,20260727,vocabulary_overlap,0.47216796875,0.47318754667988283,0.5234375,0.0,0.0,results/final/defenses/development/attacks/sa_dp_eps4p0_C75_b32_K4096/20260727/vocabulary_overlap.json
sa_dp_eps4p0_C75_b32_K4096,sa_dp,4.0,75,32,4096,20260727,frequency_estimation,0.489501953125,0.4792752214754809,0.5703125,0.0,0.0,results/final/defenses/development/attacks/sa_dp_eps4p0_C75_b32_K4096/20260727/frequency_estimation.json
sa_dp_eps4p0_C75_b32_K4096,sa_dp,4.0,75,32,4096,20260727,merge_similarity,0.503173828125,0.5792709746236135,0.578125,0.03125,0.03125,results/final/defenses/development/attacks/sa_dp_eps4p0_C75_b32_K4096/20260727/merge_similarity.json
sa_dp_eps4p0_C75_b32_K4096,sa_dp,4.0,75,32,4096,20260727,naive_bayes,0.4742431640625,0.4754624758124263,0.5390625,0.0,0.0,results/final/defenses/development/attacks/sa_dp_eps4p0_C75_b32_K4096/20260727/naive_bayes.json
sa_dp_eps4p0_C75_b32_K4096,sa_dp,4.0,75,32,4096,20260728,compression_rate,0.43212890625,0.47476523376863433,0.515625,0.03125,0.03125,results/final/defenses/development/attacks/sa_dp_eps4p0_C75_b32_K4096/20260728/compression_rate.json
sa_dp_eps4p0_C75_b32_K4096,sa_dp,4.0,75,32,4096,20260728,vocabulary_overlap,0.497802734375,0.4942783098545691,0.53125,0.0,0.0,results/final/defenses/development/attacks/sa_dp_eps4p0_C75_b32_K4096/20260728/vocabulary_overlap.json
sa_dp_eps4p0_C75_b32_K4096,sa_dp,4.0,75,32,4096,20260728,frequency_estimation,0.4346923828125,0.4928834343946295,0.515625,0.03125,0.03125,results/final/defenses/development/attacks/sa_dp_eps4p0_C75_b32_K4096/20260728/frequency_estimation.json
sa_dp_eps4p0_C75_b32_K4096,sa_dp,4.0,75,32,4096,20260728,merge_similarity,0.550537109375,0.5413351242830506,0.5703125,0.0,0.0,results/final/defenses/development/attacks/sa_dp_eps4p0_C75_b32_K4096/20260728/merge_similarity.json
sa_dp_eps4p0_C75_b32_K4096,sa_dp,4.0,75,32,4096,20260728,naive_bayes,0.43212890625,0.4567384350881176,0.5,0.0,0.0,results/final/defenses/development/attacks/sa_dp_eps4p0_C75_b32_K4096/20260728/naive_bayes.json
local_dp_eps0p5_C75_b32_K1024,local_dp,0.5,75,32,1024,20260726,compression_rate,0.51171875,0.5348583746558365,0.5546875,0.03125,0.03125,results/final/defenses/development/attacks/local_dp_eps0p5_C75_b32_K1024/20260726/compression_rate.json
local_dp_eps0p5_C75_b32_K1024,local_dp,0.5,75,32,1024,20260726,vocabulary_overlap,0.490478515625,0.48218503855561734,0.5703125,0.0,0.0,results/final/defenses/development/attacks/local_dp_eps0p5_C75_b32_K1024/20260726/vocabulary_overlap.json
local_dp_eps0p5_C75_b32_K1024,local_dp,0.5,75,32,1024,20260726,frequency_estimation,0.43603515625,0.46001213976232025,0.5078125,0.015625,0.015625,results/final/defenses/development/attacks/local_dp_eps0p5_C75_b32_K1024/20260726/frequency_estimation.json
local_dp_eps0p5_C75_b32_K1024,local_dp,0.5,75,32,1024,20260726,merge_similarity,0.470947265625,0.5066233536970629,0.546875,0.0,0.0,results/final/defenses/development/attacks/local_dp_eps0p5_C75_b32_K1024/20260726/merge_similarity.json
local_dp_eps0p5_C75_b32_K1024,local_dp,0.5,75,32,1024,20260726,naive_bayes,0.515380859375,0.4999135722155664,0.5390625,0.0,0.0,results/final/defenses/development/attacks/local_dp_eps0p5_C75_b32_K1024/20260726/naive_bayes.json
local_dp_eps0p5_C75_b32_K1024,local_dp,0.5,75,32,1024,20260727,compression_rate,0.41064453125,0.469950951368433,0.5234375,0.0,0.0,results/final/defenses/development/attacks/local_dp_eps0p5_C75_b32_K1024/20260727/compression_rate.json
local_dp_eps0p5_C75_b32_K1024,local_dp,0.5,75,32,1024,20260727,vocabulary_overlap,0.508056640625,0.5049246945053952,0.546875,0.0,0.0,results/final/defenses/development/attacks/local_dp_eps0p5_C75_b32_K1024/20260727/vocabulary_overlap.json
local_dp_eps0p5_C75_b32_K1024,local_dp,0.5,75,32,1024,20260727,frequency_estimation,0.551025390625,0.5388891114442423,0.5625,0.0,0.0,results/final/defenses/development/attacks/local_dp_eps0p5_C75_b32_K1024/20260727/frequency_estimation.json
local_dp_eps0p5_C75_b32_K1024,local_dp,0.5,75,32,1024,20260727,merge_similarity,0.52197265625,0.5921950493642458,0.5625,0.109375,0.109375,results/final/defenses/development/attacks/local_dp_eps0p5_C75_b32_K1024/20260727/merge_similarity.json
local_dp_eps0p5_C75_b32_K1024,local_dp,0.5,75,32,1024,20260727,naive_bayes,0.455078125,0.465621801966531,0.5390625,0.0,0.0,results/final/defenses/development/attacks/local_dp_eps0p5_C75_b32_K1024/20260727/naive_bayes.json
local_dp_eps0p5_C75_b32_K1024,local_dp,0.5,75,32,1024,20260728,compression_rate,0.458984375,0.5291590995225457,0.5390625,0.046875,0.046875,results/final/defenses/development/attacks/local_dp_eps0p5_C75_b32_K1024/20260728/compression_rate.json
local_dp_eps0p5_C75_b32_K1024,local_dp,0.5,75,32,1024,20260728,vocabulary_overlap,0.4970703125,0.5138381279916777,0.53125,0.015625,0.015625,results/final/defenses/development/attacks/local_dp_eps0p5_C75_b32_K1024/20260728/vocabulary_overlap.json
local_dp_eps0p5_C75_b32_K1024,local_dp,0.5,75,32,1024,20260728,frequency_estimation,0.489013671875,0.4773265655278624,0.546875,0.0,0.0,results/final/defenses/development/attacks/local_dp_eps0p5_C75_b32_K1024/20260728/frequency_estimation.json
local_dp_eps0p5_C75_b32_K1024,local_dp,0.5,75,32,1024,20260728,merge_similarity,0.546630859375,0.547099880799085,0.578125,0.0,0.0,results/final/defenses/development/attacks/local_dp_eps0p5_C75_b32_K1024/20260728/merge_similarity.json
local_dp_eps0p5_C75_b32_K1024,local_dp,0.5,75,32,1024,20260728,naive_bayes,0.4169921875,0.45320643760933965,0.5078125,0.0,0.0,results/final/defenses/development/attacks/local_dp_eps0p5_C75_b32_K1024/20260728/naive_bayes.json
local_dp_eps1p0_C75_b32_K1024,local_dp,1.0,75,32,1024,20260726,compression_rate,0.51171875,0.5348583746558365,0.5546875,0.03125,0.03125,results/final/defenses/development/attacks/local_dp_eps1p0_C75_b32_K1024/20260726/compression_rate.json
local_dp_eps1p0_C75_b32_K1024,local_dp,1.0,75,32,1024,20260726,vocabulary_overlap,0.490478515625,0.48218503855561734,0.5703125,0.0,0.0,results/final/defenses/development/attacks/local_dp_eps1p0_C75_b32_K1024/20260726/vocabulary_overlap.json
local_dp_eps1p0_C75_b32_K1024,local_dp,1.0,75,32,1024,20260726,frequency_estimation,0.43603515625,0.46001213976232025,0.5078125,0.015625,0.015625,results/final/defenses/development/attacks/local_dp_eps1p0_C75_b32_K1024/20260726/frequency_estimation.json
local_dp_eps1p0_C75_b32_K1024,local_dp,1.0,75,32,1024,20260726,merge_similarity,0.470947265625,0.5066233536970629,0.546875,0.0,0.0,results/final/defenses/development/attacks/local_dp_eps1p0_C75_b32_K1024/20260726/merge_similarity.json
local_dp_eps1p0_C75_b32_K1024,local_dp,1.0,75,32,1024,20260726,naive_bayes,0.515380859375,0.4999135722155664,0.5390625,0.0,0.0,results/final/defenses/development/attacks/local_dp_eps1p0_C75_b32_K1024/20260726/naive_bayes.json
local_dp_eps1p0_C75_b32_K1024,local_dp,1.0,75,32,1024,20260727,compression_rate,0.41064453125,0.469950951368433,0.5234375,0.0,0.0,results/final/defenses/development/attacks/local_dp_eps1p0_C75_b32_K1024/20260727/compression_rate.json
local_dp_eps1p0_C75_b32_K1024,local_dp,1.0,75,32,1024,20260727,vocabulary_overlap,0.508056640625,0.5049246945053952,0.546875,0.0,0.0,results/final/defenses/development/attacks/local_dp_eps1p0_C75_b32_K1024/20260727/vocabulary_overlap.json
local_dp_eps1p0_C75_b32_K1024,local_dp,1.0,75,32,1024,20260727,frequency_estimation,0.551025390625,0.5388891114442423,0.5625,0.0,0.0,results/final/defenses/development/attacks/local_dp_eps1p0_C75_b32_K1024/20260727/frequency_estimation.json
local_dp_eps1p0_C75_b32_K1024,local_dp,1.0,75,32,1024,20260727,merge_similarity,0.52197265625,0.5921950493642458,0.5625,0.109375,0.109375,results/final/defenses/development/attacks/local_dp_eps1p0_C75_b32_K1024/20260727/merge_similarity.json
local_dp_eps1p0_C75_b32_K1024,local_dp,1.0,75,32,1024,20260727,naive_bayes,0.455078125,0.465621801966531,0.5390625,0.0,0.0,results/final/defenses/development/attacks/local_dp_eps1p0_C75_b32_K1024/20260727/naive_bayes.json
local_dp_eps1p0_C75_b32_K1024,local_dp,1.0,75,32,1024,20260728,compression_rate,0.458984375,0.5291590995225457,0.5390625,0.046875,0.046875,results/final/defenses/development/attacks/local_dp_eps1p0_C75_b32_K1024/20260728/compression_rate.json
local_dp_eps1p0_C75_b32_K1024,local_dp,1.0,75,32,1024,20260728,vocabulary_overlap,0.4970703125,0.5138381279916777,0.53125,0.015625,0.015625,results/final/defenses/development/attacks/local_dp_eps1p0_C75_b32_K1024/20260728/vocabulary_overlap.json
local_dp_eps1p0_C75_b32_K1024,local_dp,1.0,75,32,1024,20260728,frequency_estimation,0.489013671875,0.4773265655278624,0.546875,0.0,0.0,results/final/defenses/development/attacks/local_dp_eps1p0_C75_b32_K1024/20260728/frequency_estimation.json
local_dp_eps1p0_C75_b32_K1024,local_dp,1.0,75,32,1024,20260728,merge_similarity,0.546630859375,0.547099880799085,0.578125,0.0,0.0,results/final/defenses/development/attacks/local_dp_eps1p0_C75_b32_K1024/20260728/merge_similarity.json
local_dp_eps1p0_C75_b32_K1024,local_dp,1.0,75,32,1024,20260728,naive_bayes,0.4169921875,0.45320643760933965,0.5078125,0.0,0.0,results/final/defenses/development/attacks/local_dp_eps1p0_C75_b32_K1024/20260728/naive_bayes.json
local_dp_eps2p0_C75_b32_K1024,local_dp,2.0,75,32,1024,20260726,compression_rate,0.51171875,0.5348583746558365,0.5546875,0.03125,0.03125,results/final/defenses/development/attacks/local_dp_eps2p0_C75_b32_K1024/20260726/compression_rate.json
local_dp_eps2p0_C75_b32_K1024,local_dp,2.0,75,32,1024,20260726,vocabulary_overlap,0.490478515625,0.48218503855561734,0.5703125,0.0,0.0,results/final/defenses/development/attacks/local_dp_eps2p0_C75_b32_K1024/20260726/vocabulary_overlap.json
local_dp_eps2p0_C75_b32_K1024,local_dp,2.0,75,32,1024,20260726,frequency_estimation,0.43603515625,0.46001213976232025,0.5078125,0.015625,0.015625,results/final/defenses/development/attacks/local_dp_eps2p0_C75_b32_K1024/20260726/frequency_estimation.json
local_dp_eps2p0_C75_b32_K1024,local_dp,2.0,75,32,1024,20260726,merge_similarity,0.470947265625,0.5066233536970629,0.546875,0.0,0.0,results/final/defenses/development/attacks/local_dp_eps2p0_C75_b32_K1024/20260726/merge_similarity.json
local_dp_eps2p0_C75_b32_K1024,local_dp,2.0,75,32,1024,20260726,naive_bayes,0.515380859375,0.4999135722155664,0.5390625,0.0,0.0,results/final/defenses/development/attacks/local_dp_eps2p0_C75_b32_K1024/20260726/naive_bayes.json
local_dp_eps2p0_C75_b32_K1024,local_dp,2.0,75,32,1024,20260727,compression_rate,0.41064453125,0.469950951368433,0.5234375,0.0,0.0,results/final/defenses/development/attacks/local_dp_eps2p0_C75_b32_K1024/20260727/compression_rate.json
local_dp_eps2p0_C75_b32_K1024,local_dp,2.0,75,32,1024,20260727,vocabulary_overlap,0.508056640625,0.5049246945053952,0.546875,0.0,0.0,results/final/defenses/development/attacks/local_dp_eps2p0_C75_b32_K1024/20260727/vocabulary_overlap.json
local_dp_eps2p0_C75_b32_K1024,local_dp,2.0,75,32,1024,20260727,frequency_estimation,0.551025390625,0.5388891114442423,0.5625,0.0,0.0,results/final/defenses/development/attacks/local_dp_eps2p0_C75_b32_K1024/20260727/frequency_estimation.json
local_dp_eps2p0_C75_b32_K1024,local_dp,2.0,75,32,1024,20260727,merge_similarity,0.52197265625,0.5921950493642458,0.5625,0.109375,0.109375,results/final/defenses/development/attacks/local_dp_eps2p0_C75_b32_K1024/20260727/merge_similarity.json
local_dp_eps2p0_C75_b32_K1024,local_dp,2.0,75,32,1024,20260727,naive_bayes,0.455078125,0.465621801966531,0.5390625,0.0,0.0,results/final/defenses/development/attacks/local_dp_eps2p0_C75_b32_K1024/20260727/naive_bayes.json
local_dp_eps2p0_C75_b32_K1024,local_dp,2.0,75,32,1024,20260728,compression_rate,0.458984375,0.5291590995225457,0.5390625,0.046875,0.046875,results/final/defenses/development/attacks/local_dp_eps2p0_C75_b32_K1024/20260728/compression_rate.json
local_dp_eps2p0_C75_b32_K1024,local_dp,2.0,75,32,1024,20260728,vocabulary_overlap,0.4970703125,0.5138381279916777,0.53125,0.015625,0.015625,results/final/defenses/development/attacks/local_dp_eps2p0_C75_b32_K1024/20260728/vocabulary_overlap.json
local_dp_eps2p0_C75_b32_K1024,local_dp,2.0,75,32,1024,20260728,frequency_estimation,0.489013671875,0.4773265655278624,0.546875,0.0,0.0,results/final/defenses/development/attacks/local_dp_eps2p0_C75_b32_K1024/20260728/frequency_estimation.json
local_dp_eps2p0_C75_b32_K1024,local_dp,2.0,75,32,1024,20260728,merge_similarity,0.546630859375,0.547099880799085,0.578125,0.0,0.0,results/final/defenses/development/attacks/local_dp_eps2p0_C75_b32_K1024/20260728/merge_similarity.json
local_dp_eps2p0_C75_b32_K1024,local_dp,2.0,75,32,1024,20260728,naive_bayes,0.4169921875,0.45320643760933965,0.5078125,0.0,0.0,results/final/defenses/development/attacks/local_dp_eps2p0_C75_b32_K1024/20260728/naive_bayes.json
local_dp_eps4p0_C75_b32_K1024,local_dp,4.0,75,32,1024,20260726,compression_rate,0.51171875,0.5348583746558365,0.5546875,0.03125,0.03125,results/final/defenses/development/attacks/local_dp_eps4p0_C75_b32_K1024/20260726/compression_rate.json
local_dp_eps4p0_C75_b32_K1024,local_dp,4.0,75,32,1024,20260726,vocabulary_overlap,0.490478515625,0.48218503855561734,0.5703125,0.0,0.0,results/final/defenses/development/attacks/local_dp_eps4p0_C75_b32_K1024/20260726/vocabulary_overlap.json
local_dp_eps4p0_C75_b32_K1024,local_dp,4.0,75,32,1024,20260726,frequency_estimation,0.43603515625,0.46001213976232025,0.5078125,0.015625,0.015625,results/final/defenses/development/attacks/local_dp_eps4p0_C75_b32_K1024/20260726/frequency_estimation.json
local_dp_eps4p0_C75_b32_K1024,local_dp,4.0,75,32,1024,20260726,merge_similarity,0.470947265625,0.5066233536970629,0.546875,0.0,0.0,results/final/defenses/development/attacks/local_dp_eps4p0_C75_b32_K1024/20260726/merge_similarity.json
local_dp_eps4p0_C75_b32_K1024,local_dp,4.0,75,32,1024,20260726,naive_bayes,0.515380859375,0.4999135722155664,0.5390625,0.0,0.0,results/final/defenses/development/attacks/local_dp_eps4p0_C75_b32_K1024/20260726/naive_bayes.json
local_dp_eps4p0_C75_b32_K1024,local_dp,4.0,75,32,1024,20260727,compression_rate,0.412109375,0.4679288083859507,0.515625,0.0,0.0,results/final/defenses/development/attacks/local_dp_eps4p0_C75_b32_K1024/20260727/compression_rate.json
local_dp_eps4p0_C75_b32_K1024,local_dp,4.0,75,32,1024,20260727,vocabulary_overlap,0.487548828125,0.5102911526032792,0.53125,0.015625,0.015625,results/final/defenses/development/attacks/local_dp_eps4p0_C75_b32_K1024/20260727/vocabulary_overlap.json
local_dp_eps4p0_C75_b32_K1024,local_dp,4.0,75,32,1024,20260727,frequency_estimation,0.5390625,0.5184740990906443,0.5546875,0.0,0.0,results/final/defenses/development/attacks/local_dp_eps4p0_C75_b32_K1024/20260727/frequency_estimation.json
local_dp_eps4p0_C75_b32_K1024,local_dp,4.0,75,32,1024,20260727,merge_similarity,0.548583984375,0.5966003902153822,0.5625,0.109375,0.109375,results/final/defenses/development/attacks/local_dp_eps4p0_C75_b32_K1024/20260727/merge_similarity.json
local_dp_eps4p0_C75_b32_K1024,local_dp,4.0,75,32,1024,20260727,naive_bayes,0.45751953125,0.4668510364210829,0.5390625,0.0,0.0,results/final/defenses/development/attacks/local_dp_eps4p0_C75_b32_K1024/20260727/naive_bayes.json
local_dp_eps4p0_C75_b32_K1024,local_dp,4.0,75,32,1024,20260728,compression_rate,0.458984375,0.5291590995225457,0.5390625,0.046875,0.046875,results/final/defenses/development/attacks/local_dp_eps4p0_C75_b32_K1024/20260728/compression_rate.json
local_dp_eps4p0_C75_b32_K1024,local_dp,4.0,75,32,1024,20260728,vocabulary_overlap,0.4970703125,0.5138381279916777,0.53125,0.015625,0.015625,results/final/defenses/development/attacks/local_dp_eps4p0_C75_b32_K1024/20260728/vocabulary_overlap.json
local_dp_eps4p0_C75_b32_K1024,local_dp,4.0,75,32,1024,20260728,frequency_estimation,0.489013671875,0.4773265655278624,0.546875,0.0,0.0,results/final/defenses/development/attacks/local_dp_eps4p0_C75_b32_K1024/20260728/frequency_estimation.json
local_dp_eps4p0_C75_b32_K1024,local_dp,4.0,75,32,1024,20260728,merge_similarity,0.546630859375,0.547099880799085,0.578125,0.0,0.0,results/final/defenses/development/attacks/local_dp_eps4p0_C75_b32_K1024/20260728/merge_similarity.json
local_dp_eps4p0_C75_b32_K1024,local_dp,4.0,75,32,1024,20260728,naive_bayes,0.4169921875,0.45320643760933965,0.5078125,0.0,0.0,results/final/defenses/development/attacks/local_dp_eps4p0_C75_b32_K1024/20260728/naive_bayes.json
local_dp_eps8p0_C75_b32_K1024,local_dp,8.0,75,32,1024,20260726,compression_rate,0.50146484375,0.5282351406854715,0.53125,0.03125,0.03125,results/final/defenses/development/attacks/local_dp_eps8p0_C75_b32_K1024/20260726/compression_rate.json
local_dp_eps8p0_C75_b32_K1024,local_dp,8.0,75,32,1024,20260726,vocabulary_overlap,0.4912109375,0.4932363891471103,0.5546875,0.0,0.0,results/final/defenses/development/attacks/local_dp_eps8p0_C75_b32_K1024/20260726/vocabulary_overlap.json
local_dp_eps8p0_C75_b32_K1024,local_dp,8.0,75,32,1024,20260726,frequency_estimation,0.4595947265625,0.4733587922237863,0.53125,0.0,0.0,results/final/defenses/development/attacks/local_dp_eps8p0_C75_b32_K1024/20260726/frequency_estimation.json
local_dp_eps8p0_C75_b32_K1024,local_dp,8.0,75,32,1024,20260726,merge_similarity,0.494873046875,0.5069292214072629,0.546875,0.0,0.0,results/final/defenses/development/attacks/local_dp_eps8p0_C75_b32_K1024/20260726/merge_similarity.json
local_dp_eps8p0_C75_b32_K1024,local_dp,8.0,75,32,1024,20260726,naive_bayes,0.51806640625,0.5008906879944559,0.546875,0.0,0.0,results/final/defenses/development/attacks/local_dp_eps8p0_C75_b32_K1024/20260726/naive_bayes.json
local_dp_eps8p0_C75_b32_K1024,local_dp,8.0,75,32,1024,20260727,compression_rate,0.41552734375,0.47210840167972,0.53125,0.0,0.0,results/final/defenses/development/attacks/local_dp_eps8p0_C75_b32_K1024/20260727/compression_rate.json
local_dp_eps8p0_C75_b32_K1024,local_dp,8.0,75,32,1024,20260727,vocabulary_overlap,0.5,0.5145190943791791,0.5390625,0.015625,0.015625,results/final/defenses/development/attacks/local_dp_eps8p0_C75_b32_K1024/20260727/vocabulary_overlap.json
local_dp_eps8p0_C75_b32_K1024,local_dp,8.0,75,32,1024,20260727,frequency_estimation,0.5567626953125,0.5326262321060629,0.578125,0.0,0.0,results/final/defenses/development/attacks/local_dp_eps8p0_C75_b32_K1024/20260727/frequency_estimation.json
local_dp_eps8p0_C75_b32_K1024,local_dp,8.0,75,32,1024,20260727,merge_similarity,0.52001953125,0.5947496585298788,0.5703125,0.09375,0.09375,results/final/defenses/development/attacks/local_dp_eps8p0_C75_b32_K1024/20260727/merge_similarity.json
local_dp_eps8p0_C75_b32_K1024,local_dp,8.0,75,32,1024,20260727,naive_bayes,0.4609375,0.46848092587555673,0.5390625,0.0,0.0,results/final/defenses/development/attacks/local_dp_eps8p0_C75_b32_K1024/20260727/naive_bayes.json
local_dp_eps8p0_C75_b32_K1024,local_dp,8.0,75,32,1024,20260728,compression_rate,0.458984375,0.5291590995225457,0.5390625,0.046875,0.046875,results/final/defenses/development/attacks/local_dp_eps8p0_C75_b32_K1024/20260728/compression_rate.json
local_dp_eps8p0_C75_b32_K1024,local_dp,8.0,75,32,1024,20260728,vocabulary_overlap,0.4970703125,0.5138381279916777,0.53125,0.015625,0.015625,results/final/defenses/development/attacks/local_dp_eps8p0_C75_b32_K1024/20260728/vocabulary_overlap.json
local_dp_eps8p0_C75_b32_K1024,local_dp,8.0,75,32,1024,20260728,frequency_estimation,0.489013671875,0.4773265655278624,0.546875,0.0,0.0,results/final/defenses/development/attacks/local_dp_eps8p0_C75_b32_K1024/20260728/frequency_estimation.json
local_dp_eps8p0_C75_b32_K1024,local_dp,8.0,75,32,1024,20260728,merge_similarity,0.546630859375,0.547099880799085,0.578125,0.0,0.0,results/final/defenses/development/attacks/local_dp_eps8p0_C75_b32_K1024/20260728/merge_similarity.json
local_dp_eps8p0_C75_b32_K1024,local_dp,8.0,75,32,1024,20260728,naive_bayes,0.4169921875,0.45320643760933965,0.5078125,0.0,0.0,results/final/defenses/development/attacks/local_dp_eps8p0_C75_b32_K1024/20260728/naive_bayes.json
local_dp_eps16p0_C75_b32_K1024,local_dp,16.0,75,32,1024,20260726,compression_rate,0.50146484375,0.5282351406854715,0.53125,0.03125,0.03125,results/final/defenses/development/attacks/local_dp_eps16p0_C75_b32_K1024/20260726/compression_rate.json
local_dp_eps16p0_C75_b32_K1024,local_dp,16.0,75,32,1024,20260726,vocabulary_overlap,0.4912109375,0.4932363891471103,0.5546875,0.0,0.0,results/final/defenses/development/attacks/local_dp_eps16p0_C75_b32_K1024/20260726/vocabulary_overlap.json
local_dp_eps16p0_C75_b32_K1024,local_dp,16.0,75,32,1024,20260726,frequency_estimation,0.4595947265625,0.4733587922237863,0.53125,0.0,0.0,results/final/defenses/development/attacks/local_dp_eps16p0_C75_b32_K1024/20260726/frequency_estimation.json
local_dp_eps16p0_C75_b32_K1024,local_dp,16.0,75,32,1024,20260726,merge_similarity,0.494873046875,0.5069292214072629,0.546875,0.0,0.0,results/final/defenses/development/attacks/local_dp_eps16p0_C75_b32_K1024/20260726/merge_similarity.json
local_dp_eps16p0_C75_b32_K1024,local_dp,16.0,75,32,1024,20260726,naive_bayes,0.51806640625,0.5008906879944559,0.546875,0.0,0.0,results/final/defenses/development/attacks/local_dp_eps16p0_C75_b32_K1024/20260726/naive_bayes.json
local_dp_eps16p0_C75_b32_K1024,local_dp,16.0,75,32,1024,20260727,compression_rate,0.410888671875,0.47055367039808954,0.5234375,0.0,0.0,results/final/defenses/development/attacks/local_dp_eps16p0_C75_b32_K1024/20260727/compression_rate.json
local_dp_eps16p0_C75_b32_K1024,local_dp,16.0,75,32,1024,20260727,vocabulary_overlap,0.4814453125,0.5004710601574867,0.5234375,0.0,0.0,results/final/defenses/development/attacks/local_dp_eps16p0_C75_b32_K1024/20260727/vocabulary_overlap.json
local_dp_eps16p0_C75_b32_K1024,local_dp,16.0,75,32,1024,20260727,frequency_estimation,0.4923095703125,0.4836098922401732,0.5390625,0.0,0.0,results/final/defenses/development/attacks/local_dp_eps16p0_C75_b32_K1024/20260727/frequency_estimation.json
local_dp_eps16p0_C75_b32_K1024,local_dp,16.0,75,32,1024,20260727,merge_similarity,0.5458984375,0.5869924494335557,0.5625,0.078125,0.078125,results/final/defenses/development/attacks/local_dp_eps16p0_C75_b32_K1024/20260727/merge_similarity.json
local_dp_eps16p0_C75_b32_K1024,local_dp,16.0,75,32,1024,20260727,naive_bayes,0.456298828125,0.4665294480549364,0.5390625,0.0,0.0,results/final/defenses/development/attacks/local_dp_eps16p0_C75_b32_K1024/20260727/naive_bayes.json
local_dp_eps16p0_C75_b32_K1024,local_dp,16.0,75,32,1024,20260728,compression_rate,0.458984375,0.5291590995225457,0.5390625,0.046875,0.046875,results/final/defenses/development/attacks/local_dp_eps16p0_C75_b32_K1024/20260728/compression_rate.json
local_dp_eps16p0_C75_b32_K1024,local_dp,16.0,75,32,1024,20260728,vocabulary_overlap,0.4970703125,0.5138381279916777,0.53125,0.015625,0.015625,results/final/defenses/development/attacks/local_dp_eps16p0_C75_b32_K1024/20260728/vocabulary_overlap.json
local_dp_eps16p0_C75_b32_K1024,local_dp,16.0,75,32,1024,20260728,frequency_estimation,0.489013671875,0.4773265655278624,0.546875,0.0,0.0,results/final/defenses/development/attacks/local_dp_eps16p0_C75_b32_K1024/20260728/frequency_estimation.json
local_dp_eps16p0_C75_b32_K1024,local_dp,16.0,75,32,1024,20260728,merge_similarity,0.546630859375,0.547099880799085,0.578125,0.0,0.0,results/final/defenses/development/attacks/local_dp_eps16p0_C75_b32_K1024/20260728/merge_similarity.json
local_dp_eps16p0_C75_b32_K1024,local_dp,16.0,75,32,1024,20260728,naive_bayes,0.4169921875,0.45320643760933965,0.5078125,0.0,0.0,results/final/defenses/development/attacks/local_dp_eps16p0_C75_b32_K1024/20260728/naive_bayes.json
local_dp_eps4p0_C50_b32_K1024,local_dp,4.0,50,32,1024,20260726,compression_rate,0.51171875,0.5348583746558365,0.5546875,0.03125,0.03125,results/final/defenses/development/attacks/local_dp_eps4p0_C50_b32_K1024/20260726/compression_rate.json
local_dp_eps4p0_C50_b32_K1024,local_dp,4.0,50,32,1024,20260726,vocabulary_overlap,0.490478515625,0.48218503855561734,0.5703125,0.0,0.0,results/final/defenses/development/attacks/local_dp_eps4p0_C50_b32_K1024/20260726/vocabulary_overlap.json
local_dp_eps4p0_C50_b32_K1024,local_dp,4.0,50,32,1024,20260726,frequency_estimation,0.43603515625,0.46001213976232025,0.5078125,0.015625,0.015625,results/final/defenses/development/attacks/local_dp_eps4p0_C50_b32_K1024/20260726/frequency_estimation.json
local_dp_eps4p0_C50_b32_K1024,local_dp,4.0,50,32,1024,20260726,merge_similarity,0.470947265625,0.5066233536970629,0.546875,0.0,0.0,results/final/defenses/development/attacks/local_dp_eps4p0_C50_b32_K1024/20260726/merge_similarity.json
local_dp_eps4p0_C50_b32_K1024,local_dp,4.0,50,32,1024,20260726,naive_bayes,0.515380859375,0.4999135722155664,0.5390625,0.0,0.0,results/final/defenses/development/attacks/local_dp_eps4p0_C50_b32_K1024/20260726/naive_bayes.json
local_dp_eps4p0_C50_b32_K1024,local_dp,4.0,50,32,1024,20260727,compression_rate,0.41552734375,0.47210840167972,0.53125,0.0,0.0,results/final/defenses/development/attacks/local_dp_eps4p0_C50_b32_K1024/20260727/compression_rate.json
local_dp_eps4p0_C50_b32_K1024,local_dp,4.0,50,32,1024,20260727,vocabulary_overlap,0.5,0.5145190943791791,0.5390625,0.015625,0.015625,results/final/defenses/development/attacks/local_dp_eps4p0_C50_b32_K1024/20260727/vocabulary_overlap.json
local_dp_eps4p0_C50_b32_K1024,local_dp,4.0,50,32,1024,20260727,frequency_estimation,0.5567626953125,0.5326262321060629,0.578125,0.0,0.0,results/final/defenses/development/attacks/local_dp_eps4p0_C50_b32_K1024/20260727/frequency_estimation.json
local_dp_eps4p0_C50_b32_K1024,local_dp,4.0,50,32,1024,20260727,merge_similarity,0.52001953125,0.5947496585298788,0.5703125,0.09375,0.09375,results/final/defenses/development/attacks/local_dp_eps4p0_C50_b32_K1024/20260727/merge_similarity.json
local_dp_eps4p0_C50_b32_K1024,local_dp,4.0,50,32,1024,20260727,naive_bayes,0.4609375,0.46848092587555673,0.5390625,0.0,0.0,results/final/defenses/development/attacks/local_dp_eps4p0_C50_b32_K1024/20260727/naive_bayes.json
local_dp_eps4p0_C50_b32_K1024,local_dp,4.0,50,32,1024,20260728,compression_rate,0.458984375,0.5291590995225457,0.5390625,0.046875,0.046875,results/final/defenses/development/attacks/local_dp_eps4p0_C50_b32_K1024/20260728/compression_rate.json
local_dp_eps4p0_C50_b32_K1024,local_dp,4.0,50,32,1024,20260728,vocabulary_overlap,0.4970703125,0.5138381279916777,0.53125,0.015625,0.015625,results/final/defenses/development/attacks/local_dp_eps4p0_C50_b32_K1024/20260728/vocabulary_overlap.json
local_dp_eps4p0_C50_b32_K1024,local_dp,4.0,50,32,1024,20260728,frequency_estimation,0.489013671875,0.4773265655278624,0.546875,0.0,0.0,results/final/defenses/development/attacks/local_dp_eps4p0_C50_b32_K1024/20260728/frequency_estimation.json
local_dp_eps4p0_C50_b32_K1024,local_dp,4.0,50,32,1024,20260728,merge_similarity,0.546630859375,0.547099880799085,0.578125,0.0,0.0,results/final/defenses/development/attacks/local_dp_eps4p0_C50_b32_K1024/20260728/merge_similarity.json
local_dp_eps4p0_C50_b32_K1024,local_dp,4.0,50,32,1024,20260728,naive_bayes,0.4169921875,0.45320643760933965,0.5078125,0.0,0.0,results/final/defenses/development/attacks/local_dp_eps4p0_C50_b32_K1024/20260728/naive_bayes.json
local_dp_eps4p0_C90_b32_K1024,local_dp,4.0,90,32,1024,20260726,compression_rate,0.51171875,0.5348583746558365,0.5546875,0.03125,0.03125,results/final/defenses/development/attacks/local_dp_eps4p0_C90_b32_K1024/20260726/compression_rate.json
local_dp_eps4p0_C90_b32_K1024,local_dp,4.0,90,32,1024,20260726,vocabulary_overlap,0.490478515625,0.48218503855561734,0.5703125,0.0,0.0,results/final/defenses/development/attacks/local_dp_eps4p0_C90_b32_K1024/20260726/vocabulary_overlap.json
local_dp_eps4p0_C90_b32_K1024,local_dp,4.0,90,32,1024,20260726,frequency_estimation,0.43603515625,0.46001213976232025,0.5078125,0.015625,0.015625,results/final/defenses/development/attacks/local_dp_eps4p0_C90_b32_K1024/20260726/frequency_estimation.json
local_dp_eps4p0_C90_b32_K1024,local_dp,4.0,90,32,1024,20260726,merge_similarity,0.470947265625,0.5066233536970629,0.546875,0.0,0.0,results/final/defenses/development/attacks/local_dp_eps4p0_C90_b32_K1024/20260726/merge_similarity.json
local_dp_eps4p0_C90_b32_K1024,local_dp,4.0,90,32,1024,20260726,naive_bayes,0.515380859375,0.4999135722155664,0.5390625,0.0,0.0,results/final/defenses/development/attacks/local_dp_eps4p0_C90_b32_K1024/20260726/naive_bayes.json
local_dp_eps4p0_C90_b32_K1024,local_dp,4.0,90,32,1024,20260727,compression_rate,0.412109375,0.4679288083859507,0.515625,0.0,0.0,results/final/defenses/development/attacks/local_dp_eps4p0_C90_b32_K1024/20260727/compression_rate.json
local_dp_eps4p0_C90_b32_K1024,local_dp,4.0,90,32,1024,20260727,vocabulary_overlap,0.487548828125,0.5102911526032792,0.53125,0.015625,0.015625,results/final/defenses/development/attacks/local_dp_eps4p0_C90_b32_K1024/20260727/vocabulary_overlap.json
local_dp_eps4p0_C90_b32_K1024,local_dp,4.0,90,32,1024,20260727,frequency_estimation,0.5390625,0.5184740990906443,0.5546875,0.0,0.0,results/final/defenses/development/attacks/local_dp_eps4p0_C90_b32_K1024/20260727/frequency_estimation.json
local_dp_eps4p0_C90_b32_K1024,local_dp,4.0,90,32,1024,20260727,merge_similarity,0.548583984375,0.5966003902153822,0.5625,0.109375,0.109375,results/final/defenses/development/attacks/local_dp_eps4p0_C90_b32_K1024/20260727/merge_similarity.json
local_dp_eps4p0_C90_b32_K1024,local_dp,4.0,90,32,1024,20260727,naive_bayes,0.45751953125,0.4668510364210829,0.5390625,0.0,0.0,results/final/defenses/development/attacks/local_dp_eps4p0_C90_b32_K1024/20260727/naive_bayes.json
local_dp_eps4p0_C90_b32_K1024,local_dp,4.0,90,32,1024,20260728,compression_rate,0.458984375,0.5291590995225457,0.5390625,0.046875,0.046875,results/final/defenses/development/attacks/local_dp_eps4p0_C90_b32_K1024/20260728/compression_rate.json
local_dp_eps4p0_C90_b32_K1024,local_dp,4.0,90,32,1024,20260728,vocabulary_overlap,0.4970703125,0.5138381279916777,0.53125,0.015625,0.015625,results/final/defenses/development/attacks/local_dp_eps4p0_C90_b32_K1024/20260728/vocabulary_overlap.json
local_dp_eps4p0_C90_b32_K1024,local_dp,4.0,90,32,1024,20260728,frequency_estimation,0.489013671875,0.4773265655278624,0.546875,0.0,0.0,results/final/defenses/development/attacks/local_dp_eps4p0_C90_b32_K1024/20260728/frequency_estimation.json
local_dp_eps4p0_C90_b32_K1024,local_dp,4.0,90,32,1024,20260728,merge_similarity,0.546630859375,0.547099880799085,0.578125,0.0,0.0,results/final/defenses/development/attacks/local_dp_eps4p0_C90_b32_K1024/20260728/merge_similarity.json
local_dp_eps4p0_C90_b32_K1024,local_dp,4.0,90,32,1024,20260728,naive_bayes,0.4169921875,0.45320643760933965,0.5078125,0.0,0.0,results/final/defenses/development/attacks/local_dp_eps4p0_C90_b32_K1024/20260728/naive_bayes.json
