method_id,baseline_method_id,seed,attack,candidate_minus_plain_auc,bootstrap_mean_difference,ci95_lower,ci95_upper,bootstrap_iterations,resampling_unit
min_count_2,plain_bpe,20260726,compression_rate,0.0,0.0,0.0,0.0,2000,website; paired and stratified by membership
min_count_2,plain_bpe,20260726,vocabulary_overlap,-0.00634765625,-0.006344703674316407,-0.0113983154296875,-0.0019374847412109396,2000,website; paired and stratified by membership
min_count_2,plain_bpe,20260726,frequency_estimation,-0.0074920654296875,-0.007456581115722657,-0.018036651611328124,0.0015262603759765604,2000,website; paired and stratified by membership
min_count_2,plain_bpe,20260726,merge_similarity,-0.0005645751953125,-0.0005605621337890625,-0.0028842926025390626,0.0019683837890625,2000,website; paired and stratified by membership
min_count_2,plain_bpe,20260726,naive_bayes,-0.0182342529296875,-0.018514053344726562,-0.033768844604492185,-0.006240081787109379,2000,website; paired and stratified by membership
min_count_2,plain_bpe,20260727,compression_rate,-6.103515625e-05,-6.12945556640625e-05,-0.000244140625,0.0,2000,website; paired and stratified by membership
min_count_2,plain_bpe,20260727,vocabulary_overlap,-0.0070953369140625,-0.007130340576171875,-0.014556884765625,-0.0019222259521484396,2000,website; paired and stratified by membership
min_count_2,plain_bpe,20260727,frequency_estimation,-0.00565338134765625,-0.005423149108886719,-0.015259933471679688,0.00382251739501953,2000,website; paired and stratified by membership
min_count_2,plain_bpe,20260727,merge_similarity,-0.0009613037109375,-0.0009348983764648438,-0.00433349609375,0.0025180816650390604,2000,website; paired and stratified by membership
min_count_2,plain_bpe,20260727,naive_bayes,-0.0274505615234375,-0.02743286895751953,-0.0449310302734375,-0.012266540527343758,2000,website; paired and stratified by membership
min_count_2,plain_bpe,20260728,compression_rate,0.0,0.0,0.0,0.0,2000,website; paired and stratified by membership
min_count_2,plain_bpe,20260728,vocabulary_overlap,-0.0109100341796875,-0.010954704284667969,-0.021317672729492188,-0.0028060913085937583,2000,website; paired and stratified by membership
min_count_2,plain_bpe,20260728,frequency_estimation,7.62939453125e-05,7.877349853515624e-05,-0.00018310546875,0.0003509521484375,2000,website; paired and stratified by membership
min_count_2,plain_bpe,20260728,merge_similarity,0.0026092529296875,0.00260272216796875,0.00025863647460937504,0.0049896240234375,2000,website; paired and stratified by membership
min_count_2,plain_bpe,20260728,naive_bayes,-0.0284881591796875,-0.028605545043945312,-0.045929336547851564,-0.013454055786132835,2000,website; paired and stratified by membership
min_count_5,plain_bpe,20260726,compression_rate,0.0,0.0,0.0,0.0,2000,website; paired and stratified by membership
min_count_5,plain_bpe,20260726,vocabulary_overlap,-0.007659912109375,-0.007571037292480469,-0.013733291625976562,-0.0017852783203125,2000,website; paired and stratified by membership
min_count_5,plain_bpe,20260726,frequency_estimation,-0.0140228271484375,-0.014042549133300782,-0.028595352172851564,-0.0012199401855468792,2000,website; paired and stratified by membership
min_count_5,plain_bpe,20260726,merge_similarity,-0.0015716552734375,-0.0015801620483398438,-0.005615234375,0.0026859283447265604,2000,website; paired and stratified by membership
min_count_5,plain_bpe,20260726,naive_bayes,-0.03338623046875,-0.03393628692626953,-0.05536079406738281,-0.01641807556152344,2000,website; paired and stratified by membership
min_count_5,plain_bpe,20260727,compression_rate,-9.1552734375e-05,-9.152984619140625e-05,-0.00030517578125,0.0,2000,website; paired and stratified by membership
min_count_5,plain_bpe,20260727,vocabulary_overlap,-0.009307861328125,-0.00938848876953125,-0.016754150390625,-0.00335693359375,2000,website; paired and stratified by membership
min_count_5,plain_bpe,20260727,frequency_estimation,-0.00864410400390625,-0.00850320053100586,-0.020340538024902342,0.0014574050903320302,2000,website; paired and stratified by membership
min_count_5,plain_bpe,20260727,merge_similarity,-0.0022735595703125,-0.0023786087036132813,-0.007706069946289062,0.0030376434326171813,2000,website; paired and stratified by membership
min_count_5,plain_bpe,20260727,naive_bayes,-0.0511627197265625,-0.05097055816650391,-0.0746307373046875,-0.03008995056152344,2000,website; paired and stratified by membership
min_count_5,plain_bpe,20260728,compression_rate,0.0,0.0,0.0,0.0,2000,website; paired and stratified by membership
min_count_5,plain_bpe,20260728,vocabulary_overlap,-0.0144195556640625,-0.014528846740722657,-0.025651168823242188,-0.005797195434570319,2000,website; paired and stratified by membership
min_count_5,plain_bpe,20260728,frequency_estimation,0.0001678466796875,0.0001646881103515625,-0.0003509521484375,0.00067138671875,2000,website; paired and stratified by membership
min_count_5,plain_bpe,20260728,merge_similarity,0.00482177734375,0.004814537048339844,0.00103759765625,0.00859146118164062,2000,website; paired and stratified by membership
min_count_5,plain_bpe,20260728,naive_bayes,-0.0457611083984375,-0.045736770629882816,-0.067822265625,-0.02612266540527344,2000,website; paired and stratified by membership
min_count_10,plain_bpe,20260726,compression_rate,0.0,0.0,0.0,0.0,2000,website; paired and stratified by membership
min_count_10,plain_bpe,20260726,vocabulary_overlap,-0.00994873046875,-0.009867462158203125,-0.017275238037109376,-0.0037532806396484396,2000,website; paired and stratified by membership
min_count_10,plain_bpe,20260726,frequency_estimation,-0.01728057861328125,-0.01745371627807617,-0.032948875427246095,-0.00360088348388672,2000,website; paired and stratified by membership
min_count_10,plain_bpe,20260726,merge_similarity,-0.0022735595703125,-0.0021765670776367186,-0.0074005126953125,0.0028995513916015604,2000,website; paired and stratified by membership
min_count_10,plain_bpe,20260726,naive_bayes,-0.0355072021484375,-0.03536451721191406,-0.05807571411132813,-0.01570091247558594,2000,website; paired and stratified by membership
min_count_10,plain_bpe,20260727,compression_rate,-0.00018310546875,-0.00018009185791015625,-0.000518798828125,0.0,2000,website; paired and stratified by membership
min_count_10,plain_bpe,20260727,vocabulary_overlap,-0.01165771484375,-0.011725868225097656,-0.01996002197265625,-0.00543174743652344,2000,website; paired and stratified by membership
min_count_10,plain_bpe,20260727,frequency_estimation,-0.01221466064453125,-0.012406585693359375,-0.026556777954101562,0.0005805969238281208,2000,website; paired and stratified by membership
min_count_10,plain_bpe,20260727,merge_similarity,-0.002716064453125,-0.0027641220092773436,-0.008911895751953124,0.003281402587890621,2000,website; paired and stratified by membership
min_count_10,plain_bpe,20260727,naive_bayes,-0.053375244140625,-0.05281182098388672,-0.07577781677246094,-0.031798171997070315,2000,website; paired and stratified by membership
min_count_10,plain_bpe,20260728,compression_rate,-6.103515625e-05,-6.093597412109375e-05,-0.0002288818359375,0.0,2000,website; paired and stratified by membership
min_count_10,plain_bpe,20260728,vocabulary_overlap,-0.0150299072265625,-0.015139923095703126,-0.0267486572265625,-0.005629348754882819,2000,website; paired and stratified by membership
min_count_10,plain_bpe,20260728,frequency_estimation,7.62939453125e-05,8.478546142578125e-05,-0.0006107330322265625,0.00079345703125,2000,website; paired and stratified by membership
min_count_10,plain_bpe,20260728,merge_similarity,0.0057525634765625,0.005708839416503906,0.0010372161865234374,0.0105743408203125,2000,website; paired and stratified by membership
min_count_10,plain_bpe,20260728,naive_bayes,-0.0472564697265625,-0.04697760772705078,-0.069781494140625,-0.026670074462890637,2000,website; paired and stratified by membership
he_only_reference,plain_bpe,20260726,compression_rate,-0.035308837890625,-0.035239768981933595,-0.04534912109375,-0.02587852478027344,2000,website; paired and stratified by membership
he_only_reference,plain_bpe,20260726,vocabulary_overlap,-0.1301116943359375,-0.12850485229492187,-0.20411949157714843,-0.04876670837402344,2000,website; paired and stratified by membership
he_only_reference,plain_bpe,20260726,frequency_estimation,-0.160125732421875,-0.15995131301879884,-0.20757522583007812,-0.11360111236572266,2000,website; paired and stratified by membership
he_only_reference,plain_bpe,20260726,merge_similarity,-0.1030120849609375,-0.10296932983398438,-0.19850234985351561,-0.00520935058593755,2000,website; paired and stratified by membership
he_only_reference,plain_bpe,20260726,naive_bayes,-0.0882415771484375,-0.08815297317504883,-0.1121002197265625,-0.06545600891113283,2000,website; paired and stratified by membership
he_only_reference,plain_bpe,20260727,compression_rate,-0.042266845703125,-0.04237179565429688,-0.05188140869140625,-0.033461380004882815,2000,website; paired and stratified by membership
he_only_reference,plain_bpe,20260727,vocabulary_overlap,-0.06121826171875,-0.06105087280273438,-0.09408950805664062,-0.02756233215332037,2000,website; paired and stratified by membership
he_only_reference,plain_bpe,20260727,frequency_estimation,-0.15767669677734375,-0.15774819946289062,-0.19624671936035157,-0.1195354461669922,2000,website; paired and stratified by membership
he_only_reference,plain_bpe,20260727,merge_similarity,-0.004852294921875,-0.004987602233886719,-0.027130126953125,0.01701393127441406,2000,website; paired and stratified by membership
he_only_reference,plain_bpe,20260727,naive_bayes,-0.11646270751953125,-0.11674430084228515,-0.14842300415039061,-0.08820610046386722,2000,website; paired and stratified by membership
he_only_reference,plain_bpe,20260728,compression_rate,-0.038330078125,-0.03822939300537109,-0.04922637939453125,-0.028104782104492198,2000,website; paired and stratified by membership
he_only_reference,plain_bpe,20260728,vocabulary_overlap,-0.124725341796875,-0.12478029632568359,-0.2023334503173828,-0.0505645751953126,2000,website; paired and stratified by membership
he_only_reference,plain_bpe,20260728,frequency_estimation,-0.114044189453125,-0.1134573860168457,-0.15503063201904296,-0.07131500244140627,2000,website; paired and stratified by membership
he_only_reference,plain_bpe,20260728,merge_similarity,-0.0563201904296875,-0.05781328582763672,-0.14983596801757812,0.0335540771484375,2000,website; paired and stratified by membership
he_only_reference,plain_bpe,20260728,naive_bayes,-0.1029052734375,-0.10301588821411133,-0.13209686279296876,-0.07433261871337891,2000,website; paired and stratified by membership
local_dp_eps16p0_C75_b32_K1024,plain_bpe,20260726,compression_rate,-0.042816162109375,-0.04279810333251953,-0.05450439453125,-0.03193588256835938,2000,website; paired and stratified by membership
local_dp_eps16p0_C75_b32_K1024,plain_bpe,20260726,vocabulary_overlap,-0.1340484619140625,-0.13341377258300782,-0.21415176391601562,-0.051527404785156425,2000,website; paired and stratified by membership
local_dp_eps16p0_C75_b32_K1024,plain_bpe,20260726,frequency_estimation,-0.213226318359375,-0.21368797302246093,-0.2609272003173828,-0.16504898071289065,2000,website; paired and stratified by membership
local_dp_eps16p0_C75_b32_K1024,plain_bpe,20260726,merge_similarity,-0.0651397705078125,-0.0659215316772461,-0.13359413146972657,0.0024105072021483563,2000,website; paired and stratified by membership
local_dp_eps16p0_C75_b32_K1024,plain_bpe,20260726,naive_bayes,-0.09490966796875,-0.09439372253417969,-0.12078094482421875,-0.06954746246337892,2000,website; paired and stratified by membership
local_dp_eps16p0_C75_b32_K1024,plain_bpe,20260727,compression_rate,-0.0482025146484375,-0.048218879699707035,-0.05885505676269531,-0.03800811767578126,2000,website; paired and stratified by membership
local_dp_eps16p0_C75_b32_K1024,plain_bpe,20260727,vocabulary_overlap,-0.0677642822265625,-0.06782713317871093,-0.10466041564941406,-0.03361511230468758,2000,website; paired and stratified by membership
local_dp_eps16p0_C75_b32_K1024,plain_bpe,20260727,frequency_estimation,-0.2221832275390625,-0.22186672592163087,-0.2680267333984375,-0.1762922286987305,2000,website; paired and stratified by membership
local_dp_eps16p0_C75_b32_K1024,plain_bpe,20260727,merge_similarity,0.002105712890625,0.001532135009765625,-0.033279800415039064,0.03617897033691406,2000,website; paired and stratified by membership
local_dp_eps16p0_C75_b32_K1024,plain_bpe,20260727,naive_bayes,-0.1236724853515625,-0.12297846984863281,-0.1564485549926758,-0.09321804046630862,2000,website; paired and stratified by membership
local_dp_eps16p0_C75_b32_K1024,plain_bpe,20260728,compression_rate,-0.04693603515625,-0.04701095581054687,-0.059358978271484376,-0.035440826416015654,2000,website; paired and stratified by membership
local_dp_eps16p0_C75_b32_K1024,plain_bpe,20260728,vocabulary_overlap,-0.13006591796875,-0.1287710494995117,-0.20055885314941407,-0.05535583496093752,2000,website; paired and stratified by membership
local_dp_eps16p0_C75_b32_K1024,plain_bpe,20260728,frequency_estimation,-0.15267181396484375,-0.1522470474243164,-0.19812393188476562,-0.10392684936523439,2000,website; paired and stratified by membership
local_dp_eps16p0_C75_b32_K1024,plain_bpe,20260728,merge_similarity,-0.054840087890625,-0.05455148315429687,-0.14248924255371093,0.0381622314453125,2000,website; paired and stratified by membership
local_dp_eps16p0_C75_b32_K1024,plain_bpe,20260728,naive_bayes,-0.1137847900390625,-0.11340461730957031,-0.14660987854003907,-0.0828075408935547,2000,website; paired and stratified by membership
sa_dp_eps8p0_C75_b32_K1024,plain_bpe,20260726,compression_rate,-0.04107666015625,-0.04114906311035156,-0.05242996215820313,-0.03044052124023438,2000,website; paired and stratified by membership
sa_dp_eps8p0_C75_b32_K1024,plain_bpe,20260726,vocabulary_overlap,-0.1298065185546875,-0.13009664916992186,-0.20980682373046874,-0.05174827575683599,2000,website; paired and stratified by membership
sa_dp_eps8p0_C75_b32_K1024,plain_bpe,20260726,frequency_estimation,-0.22501373291015625,-0.22427867889404296,-0.27401084899902345,-0.17388744354248048,2000,website; paired and stratified by membership
sa_dp_eps8p0_C75_b32_K1024,plain_bpe,20260726,merge_similarity,-0.051116943359375,-0.05097992706298828,-0.11935844421386718,0.014837265014648406,2000,website; paired and stratified by membership
sa_dp_eps8p0_C75_b32_K1024,plain_bpe,20260726,naive_bayes,-0.100555419921875,-0.10050039672851563,-0.12597942352294922,-0.07618598937988282,2000,website; paired and stratified by membership
sa_dp_eps8p0_C75_b32_K1024,plain_bpe,20260727,compression_rate,-0.0510711669921875,-0.05103919219970703,-0.062164688110351564,-0.04073944091796876,2000,website; paired and stratified by membership
sa_dp_eps8p0_C75_b32_K1024,plain_bpe,20260727,vocabulary_overlap,-0.0652923583984375,-0.06472348022460937,-0.10424919128417968,-0.02790718078613282,2000,website; paired and stratified by membership
sa_dp_eps8p0_C75_b32_K1024,plain_bpe,20260727,frequency_estimation,-0.2328033447265625,-0.23272433471679688,-0.2787940979003906,-0.18590469360351564,2000,website; paired and stratified by membership
sa_dp_eps8p0_C75_b32_K1024,plain_bpe,20260727,merge_similarity,0.005645751953125,0.005570625305175781,-0.028139114379882812,0.0403003692626953,2000,website; paired and stratified by membership
sa_dp_eps8p0_C75_b32_K1024,plain_bpe,20260727,naive_bayes,-0.1266326904296875,-0.12616605377197265,-0.159637451171875,-0.09556083679199222,2000,website; paired and stratified by membership
sa_dp_eps8p0_C75_b32_K1024,plain_bpe,20260728,compression_rate,-0.0436553955078125,-0.04347602081298828,-0.055908203125,-0.032606887817382815,2000,website; paired and stratified by membership
sa_dp_eps8p0_C75_b32_K1024,plain_bpe,20260728,vocabulary_overlap,-0.1297607421875,-0.12879717254638673,-0.206683349609375,-0.04998779296875008,2000,website; paired and stratified by membership
sa_dp_eps8p0_C75_b32_K1024,plain_bpe,20260728,frequency_estimation,-0.15604400634765625,-0.15638243103027344,-0.20112228393554688,-0.10892372131347657,2000,website; paired and stratified by membership
sa_dp_eps8p0_C75_b32_K1024,plain_bpe,20260728,merge_similarity,-0.0611572265625,-0.06194573974609375,-0.1580890655517578,0.03694496154785154,2000,website; paired and stratified by membership
sa_dp_eps8p0_C75_b32_K1024,plain_bpe,20260728,naive_bayes,-0.110382080078125,-0.1107284164428711,-0.14346027374267578,-0.08051509857177737,2000,website; paired and stratified by membership
sa_dp_eps4p0_C50_b32_K1024,plain_bpe,20260726,compression_rate,-0.0404205322265625,-0.04043064880371094,-0.05137939453125,-0.02961654663085938,2000,website; paired and stratified by membership
sa_dp_eps4p0_C50_b32_K1024,plain_bpe,20260726,vocabulary_overlap,-0.1328887939453125,-0.13301795959472656,-0.21091270446777344,-0.054652404785156275,2000,website; paired and stratified by membership
sa_dp_eps4p0_C50_b32_K1024,plain_bpe,20260726,frequency_estimation,-0.2191162109375,-0.2191400489807129,-0.26811809539794923,-0.17207775115966797,2000,website; paired and stratified by membership
sa_dp_eps4p0_C50_b32_K1024,plain_bpe,20260726,merge_similarity,-0.060089111328125,-0.059441543579101565,-0.12582550048828126,0.010792922973632785,2000,website; paired and stratified by membership
sa_dp_eps4p0_C50_b32_K1024,plain_bpe,20260726,naive_bayes,-0.0968017578125,-0.09657209396362304,-0.12313213348388671,-0.0719146728515625,2000,website; paired and stratified by membership
sa_dp_eps4p0_C50_b32_K1024,plain_bpe,20260727,compression_rate,-0.0506134033203125,-0.05041552734375,-0.0619659423828125,-0.03948936462402344,2000,website; paired and stratified by membership
sa_dp_eps4p0_C50_b32_K1024,plain_bpe,20260727,vocabulary_overlap,-0.06103515625,-0.06125218963623047,-0.09877204895019531,-0.023023605346679698,2000,website; paired and stratified by membership
sa_dp_eps4p0_C50_b32_K1024,plain_bpe,20260727,frequency_estimation,-0.22332000732421875,-0.2224354019165039,-0.27054634094238283,-0.17543296813964845,2000,website; paired and stratified by membership
sa_dp_eps4p0_C50_b32_K1024,plain_bpe,20260727,merge_similarity,0.0008544921875,0.0017427139282226562,-0.030839920043945312,0.03372421264648436,2000,website; paired and stratified by membership
sa_dp_eps4p0_C50_b32_K1024,plain_bpe,20260727,naive_bayes,-0.1262359619140625,-0.12585417556762696,-0.1581890106201172,-0.09510002136230469,2000,website; paired and stratified by membership
sa_dp_eps4p0_C50_b32_K1024,plain_bpe,20260728,compression_rate,-0.0448760986328125,-0.045052154541015625,-0.0578033447265625,-0.03341636657714844,2000,website; paired and stratified by membership
sa_dp_eps4p0_C50_b32_K1024,plain_bpe,20260728,vocabulary_overlap,-0.1386566162109375,-0.1384203872680664,-0.21675453186035157,-0.057359313964843825,2000,website; paired and stratified by membership
sa_dp_eps4p0_C50_b32_K1024,plain_bpe,20260728,frequency_estimation,-0.16574859619140625,-0.16565932083129883,-0.20938243865966796,-0.12077198028564454,2000,website; paired and stratified by membership
sa_dp_eps4p0_C50_b32_K1024,plain_bpe,20260728,merge_similarity,-0.0543212890625,-0.055188385009765625,-0.1466533660888672,0.03431053161621089,2000,website; paired and stratified by membership
sa_dp_eps4p0_C50_b32_K1024,plain_bpe,20260728,naive_bayes,-0.1111297607421875,-0.11138211441040038,-0.14506855010986328,-0.08099670410156257,2000,website; paired and stratified by membership
