method_id,seed,source_corpus,bytes_per_token,characters_per_token,mean_tokens_per_sentence,mean_tokens_per_document,actual_vocab_size,merge_count,rare_word_mean_split_length,long_tail_single_token_coverage,tokenizer_training_seconds,tokenizer_artifact_bytes,source
plain_bpe,20260726,ag_news_test,4.140433660179901,4.140433660179901,29.782701585113713,56.829605263157895,16000,13828,2.3199513381995134,0.11995133819951338,7.198659799993038,975628,results/final/defenses/main/baseline_utility/plain_bpe/20260726/utility.json
plain_bpe,20260726,c4_heldout,4.267013900006077,4.246724005477869,21.506836456158986,512.0150191420438,16000,13828,2.8602203675232447,0.00909656636649828,7.198659799993038,975628,results/final/defenses/main/baseline_utility/plain_bpe/20260726/utility.json
plain_bpe,20260727,ag_news_test,4.182294858062313,4.182294858062313,29.485320468642314,56.26078947368421,16000,14714,2.294566098945661,0.1254663422546634,5.78019280009903,1017873,results/final/defenses/main/baseline_utility/plain_bpe/20260727/utility.json
plain_bpe,20260727,c4_heldout,4.312663097059539,4.279601454046455,22.517409935965325,569.984410489366,16000,14714,3.1844615066795208,0.009674975898636551,5.78019280009903,1017873,results/final/defenses/main/baseline_utility/plain_bpe/20260727/utility.json
plain_bpe,20260728,ag_news_test,4.140203598276568,4.140203598276568,29.784906960716746,56.83276315789474,16000,14021,2.3064071370640713,0.12554744525547445,6.335209000040777,985231,results/final/defenses/main/baseline_utility/plain_bpe/20260728/utility.json
plain_bpe,20260728,c4_heldout,4.278031257039862,4.25530623784048,21.492350379064003,502.27012903913834,16000,14021,2.9351913975374906,0.009900810560864599,6.335209000040777,985231,results/final/defenses/main/baseline_utility/plain_bpe/20260728/utility.json
min_count_2,20260726,ag_news_test,4.140433660179901,4.140433660179901,29.782701585113713,56.829605263157895,15509,13828,2.3199513381995134,0.11995133819951338,29.608767799916677,965876,results/final/defenses/main/baseline_utility/min_count_2/20260726/utility.json
min_count_2,20260726,c4_heldout,4.267013900006077,4.246724005477869,21.506836456158986,512.0150191420438,15509,13828,2.8602203675232447,0.009023354564755838,29.608767799916677,965876,results/final/defenses/main/baseline_utility/min_count_2/20260726/utility.json
min_count_2,20260727,ag_news_test,4.182294858062313,4.182294858062313,29.485320468642314,56.26078947368421,15564,14713,2.294566098945661,0.1254663422546634,21.636596300057136,1009150,results/final/defenses/main/baseline_utility/min_count_2/20260727/utility.json
min_count_2,20260727,c4_heldout,4.312661534746963,4.279599903710846,22.517418082870318,569.9846169729507,15564,14713,3.1844615066795208,0.009554469081393747,21.636596300057136,1009150,results/final/defenses/main/baseline_utility/min_count_2/20260727/utility.json
min_count_2,20260728,ag_news_test,4.140203598276568,4.140203598276568,29.784906960716746,56.83276315789474,15560,14021,2.3064071370640713,0.12554744525547445,20.951915899990126,976491,results/final/defenses/main/baseline_utility/min_count_2/20260728/utility.json
min_count_2,20260728,c4_heldout,4.278031257039862,4.25530623784048,21.492350379064003,502.27012903913834,15560,14021,2.9351913975374906,0.009864543855513446,20.951915899990126,976491,results/final/defenses/main/baseline_utility/min_count_2/20260728/utility.json
min_count_5,20260726,ag_news_test,4.140433660179901,4.140433660179901,29.782701585113713,56.829605263157895,15019,13828,2.3199513381995134,0.11995133819951338,29.442882400006056,956151,results/final/defenses/main/baseline_utility/min_count_5/20260726/utility.json
min_count_5,20260726,c4_heldout,4.267013900006077,4.246724005477869,21.506836456158986,512.0150191420438,15019,13828,2.8602203675232447,0.008968445713449008,29.442882400006056,956151,results/final/defenses/main/baseline_utility/min_count_5/20260726/utility.json
min_count_5,20260727,ag_news_test,4.182294858062313,4.182294858062313,29.485320468642314,56.26078947368421,15220,14712,2.294566098945661,0.1254663422546634,21.478589500067756,1002286,results/final/defenses/main/baseline_utility/min_count_5/20260727/utility.json
min_count_5,20260727,c4_heldout,4.312655285507978,4.279593702379639,22.51745067049028,569.9854429072889,15220,14712,3.1844615066795208,0.009399531744938714,21.478589500067756,1002286,results/final/defenses/main/baseline_utility/min_count_5/20260727/utility.json
min_count_5,20260728,ag_news_test,4.140203598276568,4.140203598276568,29.784906960716746,56.83276315789474,15110,14021,2.3064071370640713,0.12554744525547445,20.953287100070156,967558,results/final/defenses/main/baseline_utility/min_count_5/20260728/utility.json
min_count_5,20260728,c4_heldout,4.278031257039862,4.25530623784048,21.492350379064003,502.27012903913834,15110,14021,2.9351913975374906,0.00970134368143326,20.953287100070156,967558,results/final/defenses/main/baseline_utility/min_count_5/20260728/utility.json
min_count_10,20260726,ag_news_test,4.140433660179901,4.140433660179901,29.782701585113713,56.829605263157895,14693,13828,2.3199513381995134,0.11995133819951338,29.43142589996569,949682,results/final/defenses/main/baseline_utility/min_count_10/20260726/utility.json
min_count_10,20260726,c4_heldout,4.267013900006077,4.246724005477869,21.506836456158986,512.0150191420438,14693,13828,2.8602203675232447,0.008876930961270957,29.43142589996569,949682,results/final/defenses/main/baseline_utility/min_count_10/20260726/utility.json
min_count_10,20260727,ag_news_test,4.182294858062313,4.182294858062313,29.485320468642314,56.26078947368421,15067,14711,2.294566098945661,0.1254663422546634,21.47432820009999,999218,results/final/defenses/main/baseline_utility/min_count_10/20260727/utility.json
min_count_10,20260727,c4_heldout,4.312630288733145,4.279568897234532,22.517581020970134,569.9887466446418,15067,14711,3.1844787219391266,0.009227379148877566,21.47432820009999,999218,results/final/defenses/main/baseline_utility/min_count_10/20260727/utility.json
min_count_10,20260728,ag_news_test,4.140203598276568,4.140203598276568,29.784906960716746,56.83276315789474,14817,14020,2.3064071370640713,0.12554744525547445,21.0391857001232,961684,results/final/defenses/main/baseline_utility/min_count_10/20260728/utility.json
min_count_10,20260728,c4_heldout,4.278021265455546,4.255296299331733,21.492350379064003,502.2713021222139,14817,14020,2.9351913975374906,0.009447476743975194,21.0391857001232,961684,results/final/defenses/main/baseline_utility/min_count_10/20260728/utility.json
he_only_reference,20260726,ag_news_test,4.200705648002857,4.200705648002857,29.35616815988973,56.01421052631579,16000,15310,2.271938361719384,0.14249797242497972,515.3907339998987,1048701,results/final/defenses/main/utility/he_only_reference/20260726/utility.json
he_only_reference,20260726,c4_heldout,4.321811508607289,4.301261048323972,21.235399709332246,505.52301953470106,16000,15310,2.8419174170876347,0.009224687019547552,515.3907339998987,1048701,results/final/defenses/main/utility/he_only_reference/20260726/utility.json
he_only_reference,20260727,ag_news_test,4.252125737112421,4.252125737112421,29.001378359751897,55.33684210526316,16000,15588,2.280697485806975,0.13803730738037306,505.29792709997855,1062576,results/final/defenses/main/utility/he_only_reference/20260727/utility.json
he_only_reference,20260727,c4_heldout,4.327667234730615,4.294490567327211,22.439721049973116,568.0082593433822,16000,15588,3.2004028370747832,0.008917504475967498,505.29792709997855,1062576,results/final/defenses/main/utility/he_only_reference/20260727/utility.json
he_only_reference,20260728,ag_news_test,4.233573151705835,4.233573151705835,29.12839421088904,55.57934210526316,16000,15619,2.2689375506893756,0.14257907542579076,585.3047766999807,1064494,results/final/defenses/main/utility/he_only_reference/20260728/utility.json
he_only_reference,20260728,c4_heldout,4.32965205256795,4.3066528222889895,21.235106247266366,496.28175322597843,16000,15619,2.9306943260739478,0.008957876221734636,585.3047766999807,1064494,results/final/defenses/main/utility/he_only_reference/20260728/utility.json
local_dp_eps16p0_C75_b32_K1024,20260726,ag_news_test,4.107867842482352,4.107867842482352,30.019228118538937,57.28013157894737,16000,15310,2.36455798864558,0.11792376317923763,633.6771984000225,1043883,results/final/defenses/main/utility/local_dp_eps16p0_C75_b32_K1024/20260726/utility.json
local_dp_eps16p0_C75_b32_K1024,20260726,c4_heldout,4.240717032621025,4.220552181197472,21.63883090629876,515.1900461372337,16000,15310,2.901347097152061,0.011054982063108574,633.6771984000225,1043883,results/final/defenses/main/utility/local_dp_eps16p0_C75_b32_K1024/20260726/utility.json
local_dp_eps16p0_C75_b32_K1024,20260727,ag_news_test,4.162823395766117,4.162823395766117,29.623225361819436,56.523947368421055,16000,15588,2.358556366585564,0.11597729115977291,629.8705909999553,1058442,results/final/defenses/main/utility/local_dp_eps16p0_C75_b32_K1024/20260727/utility.json
local_dp_eps16p0_C75_b32_K1024,20260727,c4_heldout,4.2532304754453145,4.220624453489317,22.831896762419955,577.9491017964071,16000,15588,3.249672910067484,0.011396501859248037,629.8705909999553,1058442,results/final/defenses/main/utility/local_dp_eps16p0_C75_b32_K1024/20260727/utility.json
local_dp_eps16p0_C75_b32_K1024,20260728,ag_news_test,4.153772896835904,4.153772896835904,29.687594762232944,56.6471052631579,16000,15619,2.356204379562044,0.12060016220600162,612.7613319000229,1060708,results/final/defenses/main/utility/local_dp_eps16p0_C75_b32_K1024/20260728/utility.json
local_dp_eps16p0_C75_b32_K1024,20260728,c4_heldout,4.257167481288834,4.234553291037635,21.595403848957574,504.7316839074331,16000,15619,2.9711861025985096,0.01175041253377337,612.7613319000229,1060708,results/final/defenses/main/utility/local_dp_eps16p0_C75_b32_K1024/20260728/utility.json
sa_dp_eps8p0_C75_b32_K1024,20260726,ag_news_test,4.104219262088149,4.104219262088149,30.045899379738113,57.33105263157895,16000,15310,2.3739659367396593,0.11605839416058394,548.1965364001226,1043949,results/final/defenses/main/utility/sa_dp_eps8p0_C75_b32_K1024/20260726/utility.json
sa_dp_eps8p0_C75_b32_K1024,20260726,c4_heldout,4.229887309713745,4.209773954240453,21.694510661248554,516.5090802002552,16000,15310,2.9175086023867047,0.011347829270078337,548.1965364001226,1043949,results/final/defenses/main/utility/sa_dp_eps8p0_C75_b32_K1024/20260726/utility.json
sa_dp_eps8p0_C75_b32_K1024,20260727,ag_news_test,4.165557884928954,4.165557884928954,29.60365265334252,56.48684210526316,16000,15588,2.3626926196269262,0.11719383617193836,584.8094289000146,1058830,results/final/defenses/main/utility/sa_dp_eps8p0_C75_b32_K1024/20260727/utility.json
sa_dp_eps8p0_C75_b32_K1024,20260727,c4_heldout,4.254565818802493,4.221949559866611,22.824474931973345,577.7677059673756,16000,15588,3.2521519074507643,0.011275995042005233,584.8094289000146,1058830,results/final/defenses/main/utility/sa_dp_eps8p0_C75_b32_K1024/20260727/utility.json
sa_dp_eps8p0_C75_b32_K1024,20260728,ag_news_test,4.164073833457911,4.164073833457911,29.61419710544452,56.50697368421053,16000,15619,2.3545823195458233,0.12124898621248986,585.5865386999212,1060294,results/final/defenses/main/utility/sa_dp_eps8p0_C75_b32_K1024/20260728/utility.json
sa_dp_eps8p0_C75_b32_K1024,20260728,c4_heldout,4.258638655369825,4.236016650201617,21.58810960052486,504.557321104831,16000,15619,2.976589841695831,0.012004279471231435,585.5865386999212,1060294,results/final/defenses/main/utility/sa_dp_eps8p0_C75_b32_K1024/20260728/utility.json
sa_dp_eps4p0_C50_b32_K1024,20260726,ag_news_test,4.102449163118485,4.102449163118485,30.05885596140593,57.35578947368421,16000,15310,2.3772911597729114,0.11500405515004056,557.1801475998946,1043951,results/final/defenses/main/utility/sa_dp_eps4p0_C50_b32_K1024/20260726/utility.json
sa_dp_eps4p0_C50_b32_K1024,20260726,c4_heldout,4.22795239287504,4.207848238041704,21.703992358649423,516.7454598998723,16000,15310,2.916080972252727,0.011512555823998828,557.1801475998946,1043951,results/final/defenses/main/utility/sa_dp_eps4p0_C50_b32_K1024/20260726/utility.json
sa_dp_eps4p0_C50_b32_K1024,20260727,ag_news_test,4.170989012014246,4.170989012014246,29.565196416264644,56.41328947368421,16000,15588,2.365612327656123,0.11597729115977291,635.527872499777,1058738,results/final/defenses/main/utility/sa_dp_eps4p0_C50_b32_K1024/20260727/utility.json
sa_dp_eps4p0_C50_b32_K1024,20260727,c4_heldout,4.254136319837165,4.221523353516807,22.82680494680071,577.8260375800124,16000,15588,3.2497417711059082,0.011172703484368544,635.527872499777,1058738,results/final/defenses/main/utility/sa_dp_eps4p0_C50_b32_K1024/20260727/utility.json
sa_dp_eps4p0_C50_b32_K1024,20260728,ag_news_test,4.163046287005976,4.163046287005976,29.621502412129566,56.52092105263158,16000,15619,2.3521492295214923,0.11905920519059206,736.7704365001991,1060662,results/final/defenses/main/utility/sa_dp_eps4p0_C50_b32_K1024/20260728/utility.json
sa_dp_eps4p0_C50_b32_K1024,20260728,c4_heldout,4.254452754276969,4.231852984730005,21.60889889196676,505.05374853364617,16000,15619,2.985747184796997,0.01207681288193374,736.7704365001991,1060662,results/final/defenses/main/utility/sa_dp_eps4p0_C50_b32_K1024/20260728/utility.json
